time,pitch_standardized_A,jitter_standardized_A,shimmer_standardized_A,logHNR_standardized_A,intensity_standardized_A,vad_A,pitch_standardized_B,jitter_standardized_B,shimmer_standardized_B,logHNR_standardized_B,intensity_standardized_B,vad_B
66.46,,,,,,0.0,,,,,,0.0
66.47,,,,,,0.0,,,,,,0.0
66.48,,,,,,0.0,,,,,,0.0
66.49,,,,,,0.0,,,,,,0.0
66.5,,,,,,0.0,,,,,,0.0
66.51,,,,,,0.0,,,,,,0.0
66.52,,,,,,0.0,,,,,,0.0
66.53,,,,,,0.0,,,,,,0.0
66.54,,,,,,0.0,,,,,,0.0
66.55,,,,,,0.0,,,,,,0.0
66.56,,,,,,0.0,,,,,,0.0
66.57,,,,,,0.0,,,,,,0.0
66.58,,,,,,0.0,,,,,,0.0
66.59,,,,,,0.0,,,,,,0.0
66.6,,,,,,0.0,,,,,,0.0
66.61,,,,,,0.0,,,,,,0.0
66.62,,,,,,0.0,,,,,,0.0
66.63,,,,,,0.0,,,,,,0.0
66.64,,,,,,0.0,,,,,,0.0
66.65,,,,,,0.0,,,,,,0.0
66.66,,,,,,0.0,,,,,,0.0
66.67,,,,,,0.0,,,,,,0.0
66.68,,,,,,0.0,,,,,,0.0
66.69,,,,,,0.0,,,,,,0.0
66.7,,,,,,0.0,,,,,,0.0
66.71,,,,,,0.0,,,,,,0.0
66.72,,,,,,0.0,,,,,,0.0
66.73,,,,,,0.0,,,,,,0.0
66.74,,,,,,0.0,,,,,,0.0
66.75,,,,,,0.0,,,,,,0.0
66.76,,,,,,0.0,,,,,,0.0
66.77,,,,,,0.0,,,,,,0.0
66.78,,,,,,0.0,,,,,,0.0
66.79,,,,,,0.0,,,,,,0.0
66.8,,,,,,0.0,,,,,,0.0
66.81,,,,,,0.0,,,,,,0.0
66.82,,,,,,0.0,,,,,,0.0
66.83,,,,,,0.0,,,,,,0.0
66.84,,,,,,0.0,,,,,,0.0
66.85,,,,,,0.0,,,,,,0.0
66.86,,,,,,0.0,,,,,,0.0
66.87,,,,,,0.0,,,,,,0.0
66.88,,,,,,0.0,,,,,,0.0
66.89,,,,,,0.0,,,,,,0.0
66.9,,,,,,0.0,,,,,,0.0
66.91,,,,,,0.0,,,,,,0.0
66.92,,,,,,0.0,,,,,,0.0
66.93,,,,,,0.0,,,,,,0.0
66.94,,,,,,0.0,,,,,,0.0
66.95,,,,,,0.0,,,,,,0.0
66.96,,,,,,0.0,,,,,,0.0
66.97,,,,,,0.0,,,,,,0.0
66.98,,,,,,0.0,,,,,,0.0
66.99,,,,,,0.0,,,,,,0.0
67.0,,,,,,0.0,,,,,,0.0
67.01,,,,,,0.0,,,,,,0.0
67.02,,,,,,0.0,,,,,,0.0
67.03,,,,,,0.0,,,,,,0.0
67.04,,,,,,0.0,,,,,,0.0
67.05,,,,,,0.0,,,,,,0.0
67.06,,,,,,0.0,,,,,,0.0
67.07,,,,,,0.0,,,,,,0.0
67.08,,,,,,0.0,,,,,,0.0
67.09,,,,,,0.0,,,,,,0.0
67.1,,,,,,0.0,,,,,,0.0
67.11,,,,,,0.0,,,,,,0.0
67.12,,,,,,0.0,,,,,,0.0
67.13,,,,,,0.0,,,,,,0.0
67.14,,,,,,0.0,,,,,,0.0
67.15,,,,,,0.0,,,,,,0.0
67.16,,,,,,0.0,,,,,,0.0
67.17,,,,,,0.0,,,,,,0.0
67.18,,,,,,0.0,,,,,,0.0
67.19,,,,,,0.0,,,,,,0.0
67.2,,,,,,0.0,,,,,,0.0
67.21,,,,,,0.0,,,,,,0.0
67.22,,,,,,0.0,,,,,,0.0
67.23,,,,,,0.0,,,,,,0.0
67.24,,,,,,0.0,,,,,,0.0
67.25,,,,,,0.0,,,,,,0.0
67.26,,,,,,0.0,,,,,,0.0
67.27,,,,,,0.0,,,,,,0.0
67.28,,,,,,0.0,,,,,,0.0
67.29,,,,,,0.0,,,,,,0.0
67.3,,,,,,0.0,,,,,,0.0
67.31,,,,,,0.0,,,,,,0.0
67.32,,,,,,0.0,,,,,,0.0
67.33,,,,,,0.0,,,,,,0.0
67.34,,,,,,0.0,,,,,,0.0
67.35,,,,,,0.0,,,,,,0.0
67.36,,,,,,0.0,,,,,,0.0
67.37,,,,,,0.0,,,,,,0.0
67.38,,,,,,0.0,,,,,,0.0
67.39,,,,,,0.0,,,,,,0.0
67.4,,,,,,0.0,,,,,,0.0
67.41,,,,,,0.0,,,,,,0.0
67.42,,,,,,0.0,,,,,,0.0
67.43,,,,,,0.0,,,,,,0.0
67.44,,,,,,0.0,,,,,,0.0
67.45,,,,,,0.0,,,,,,0.0
67.46,,,,,,0.0,,,,,,0.0
67.47,,,,,,0.0,,,,,,0.0
67.48,,,,,,0.0,,,,,,0.0
67.49,,,,,,0.0,,,,,,0.0
67.5,,,,,,0.0,,,,,,0.0
67.51,,,,,,0.0,,,,,,0.0
67.52,,,,,,0.0,,,,,,0.0
67.53,,,,,,0.0,,,,,,0.0
67.54,,,,,,0.0,,,,,,0.0
67.55,,,,,,0.0,,,,,,0.0
67.56,,,,,,0.0,,,,,,0.0
67.57,,,,,,0.0,,,,,,0.0
67.58,,,,,,0.0,,,,,,0.0
67.59,,,,,,0.0,,,,,,0.0
67.6,,,,,,0.0,,,,,,0.0
67.61,,,,,,0.0,,,,,,0.0
67.62,,,,,,0.0,,,,,,0.0
67.63,,,,,,0.0,,,,,,0.0
67.64,,,,,,0.0,,,,,,0.0
67.65,,,,,,0.0,,,,,,0.0
67.66,,,,,,0.0,,,,,,0.0
67.67,,,,,,0.0,,,,,,0.0
67.68,,,,,,0.0,,,,,,0.0
67.69,,,,,,0.0,,,,,,0.0
67.7,,,,,,0.0,,,,,,0.0
67.71,,,,,,0.0,,,,,,0.0
67.72,,,,,,0.0,,,,,,0.0
67.73,,,,,,0.0,,,,,,0.0
67.74,,,,,,0.0,,,,,,0.0
67.75,,,,,,0.0,,,,,,0.0
67.76,,,,,,0.0,,,,,,0.0
67.77,,,,,,0.0,,,,,,0.0
67.78,-1.5587701401779104,-0.7534956604231224,-0.7853362308394696,-1.5821090868539809,-0.7408133744686074,1.0,,,,,,0.0
67.79,-1.5587701401779104,-0.7534956604231224,-0.7853362308394696,-1.5821090868539809,-0.7399026633953822,1.0,,,,,,0.0
67.8,-1.5587701401779104,-0.7534956604231224,-0.7853362308394696,-1.5821090868539809,-0.7666815876933606,1.0,,,,,,0.0
67.81,-1.5587701401779104,-0.7534956604231224,-0.7853362308394696,-1.5821090868539809,-0.7100516888754655,1.0,,,,,,0.0
67.82,0.509070360502346,-0.7534956604231224,-0.7853362308394696,0.7302261153843829,-0.1906621011116384,1.0,,,,,,0.0
67.83,0.5135215020769128,-0.7534956604231224,-0.422973583900629,0.723728765017895,-0.1404885777207459,1.0,,,,,,0.0
67.84,0.5199393861905586,0.0241944453392372,-0.3012792841574592,0.7060422379999394,-0.1841149884104264,1.0,,,,,,0.0
67.85,0.5255332456772671,0.0241944453392372,-0.3012792841574592,0.7339764722510357,-0.671912490672036,1.0,,,,,,0.0
67.86,0.5274894237980517,0.2219920041306982,-0.6349674305309226,0.7617157500282928,-0.6906213906642887,1.0,,,,,,0.0
67.87,0.5281426569959017,0.2219920041306982,-0.6349674305309226,0.7560324848986815,0.1837981829145506,1.0,,,,,,0.0
67.88,0.5253871045575325,0.2219920041306982,-0.6349674305309226,0.7874246413056718,0.9004143819255285,1.0,,,,,,0.0
67.89,0.5224748465811347,0.2219920041306982,-0.6349674305309226,0.7416893667680053,0.890875837707295,1.0,,,,,,0.0
67.9,0.5205609261335261,0.1019139155575264,-0.574871021558357,0.8298568231977362,0.0998793902802298,1.0,,,,,,0.0
67.91,0.519169944391474,-0.552973127369265,-0.2281052021149306,0.8000335932098277,-0.3868253861715478,1.0,,,,,,0.0
67.92,0.5158315882105489,-0.552973127369265,-0.2281052021149306,0.8563031420693656,-0.3389636770058162,1.0,,,,,,0.0
67.93,0.5077198756970878,-0.7238303628707464,-0.3810669905906836,0.7758953318546999,0.7021406182672498,1.0,,,,,,0.0
67.94,0.5012896664287656,-0.7238303628707464,-0.3810669905906836,0.7342189375354903,0.4634993402954884,1.0,,,,,,0.0
67.95,0.49792842067487,-0.7238303628707464,-0.3810669905906836,0.7093021752319149,0.4396434188970299,1.0,,,,,,0.0
67.96,0.4960567579004377,0.0734223545056858,-0.4560528616480906,0.7618944285829573,-0.5511528636547026,1.0,,,,,,0.0
67.97,0.4898008615339678,0.0734223545056858,-0.4560528616480906,0.7727807602265192,-0.3990006542651422,1.0,,,,,,0.0
67.98,0.4819004373863882,0.1047541275830127,-0.1060533298172567,0.7526196109377137,-0.3944877723606219,1.0,,,,,,0.0
67.99,0.4753504980440667,0.1047541275830127,-0.1060533298172567,0.7616127827256048,0.422356600161396,1.0,,,,,,0.0
68.0,0.4707514546133828,0.1047541275830127,-0.1060533298172567,0.8405644762866338,0.3798275363604369,1.0,,,,,,0.0
68.01,0.4665996382238145,-0.0617302421297343,0.6585790280857006,0.7680143583583426,0.3333115969106272,1.0,,,,,,0.0
68.02,0.4661770614920519,-0.0617302421297343,0.6585790280857006,0.7276432260232066,-0.6303501087705075,1.0,,,,,,0.0
68.03,0.4673814051775755,-0.4746456464200941,-0.541775303693447,0.6986531983632989,-0.7599946124623919,1.0,,,,,,0.0
68.04,0.4703412030362964,-0.569637373468127,-0.5186330494362404,0.6946529943651238,-0.6552838569830677,1.0,,,,,,0.0
68.05,0.4706440496940597,-0.3585495401981605,0.5997421963258603,0.6401104191631682,-0.4585940876248449,1.0,,,,,,0.0
68.06,0.4705841846570601,-0.5733570583777525,-0.080413939149039,0.7098514603650038,-0.4594007845861682,1.0,,,,,,0.0
68.07,0.4721688474011701,-0.5733570583777525,-0.080413939149039,0.7825584898630162,-0.4788423008647182,1.0,,,,,,0.0
68.08,0.4790321978195489,-0.5733570583777525,-0.080413939149039,0.8771332002693831,-0.6726913018124738,1.0,,,,,,0.0
68.09,0.4894909719306753,-0.5733570583777525,-0.080413939149039,0.6960676591083035,-0.6607244603115533,1.0,,,,,,0.0
68.1,0.4897744504882327,-0.5733570583777525,-0.080413939149039,0.6589882627309732,-0.3803259183871625,1.0,,,,,,0.0
68.11,0.4819004373863882,3.343789794904396,0.3376522293080801,0.5110047531209981,-0.3822911516956068,1.0,,,,,,0.0
68.12,0.4687054789370984,4.057865091386745,0.6145247976472867,0.4512559126046959,0.3468593254344195,1.0,,,,,,0.0
68.13,0.4605057296045201,0.2826734268168339,1.5219520524649894,0.5479429480133924,0.140268416512681,1.0,,,,,,0.0
68.14,0.4564718825525689,-0.3476397147109589,1.4280554959521998,0.526402718269836,0.4298363740605586,1.0,,,,,,0.0
68.15,0.4555228456424852,-0.0680684888165469,-0.1332714121208156,0.6398467547281604,-0.3006186814442534,1.0,,,,,,0.0
68.16,0.4612029812119287,-0.5956914606562072,-0.2726877181131391,0.6771455244580925,-0.3758610797683387,1.0,,,,,,0.0
68.17,0.4716441479592314,-0.3455437112144094,-0.7800543924737888,0.6557629633967771,-0.2282188840274362,1.0,,,,,,0.0
68.18,0.4864625053530426,-0.3455437112144094,-0.7800543924737888,0.6866330907213898,-0.2164644528078871,1.0,,,,,,0.0
68.19,0.504455470444221,-0.3455437112144094,-0.7800543924737888,0.601350800826351,0.6604584866834627,1.0,,,,,,0.0
68.2,0.5258431352805598,-0.3455437112144094,-0.7800543924737888,0.6040094014395037,0.5665039854814116,1.0,,,,,,0.0
68.21,0.550884328110263,0.9463411120837856,0.3017453981462458,0.4969281575250919,0.6612600048494787,1.0,,,,,,0.0
68.22,0.5773094597364894,0.4343154611623349,0.5489473709468142,0.5996732287606831,-0.0321341573086493,1.0,,,,,,0.0
68.23,0.6010177751247578,0.2266566726410352,0.2192209993049042,0.5770857231241626,-0.2993312329308686,1.0,,,,,,0.0
68.24,0.6363874475732941,0.2405641225620672,-0.0771414750562174,0.5011666437610499,0.2111382384481858,1.0,,,,,,0.0
68.25,0.7170450205121132,3.0674041548909745,0.60034930637735,0.4402470612276231,-0.0541645931981856,1.0,,,,,,0.0
68.26,0.8278393573711402,1.4219624917493772,2.6210737188934967,0.5334251261687805,-0.1309250159374897,1.0,,,,,,0.0
68.27,0.94299151677647,1.4219624917493772,2.6210737188934967,0.5113499964300107,0.2586724087291768,1.0,,,,,,0.0
68.28,1.041793478135349,3.1947240628323867,1.2466505428494516,0.5425755880826527,0.3486137419369713,1.0,,,,,,0.0
68.29,1.1368802857274811,3.8657413376878464,1.3634546415855184,0.5247109503444225,0.3710211941248761,1.0,,,,,,0.0
68.3,1.237805695163468,1.3578918229234769,-0.4913556652804567,0.6855377381834206,-0.5894608109113749,1.0,,,,,,0.0
68.31,1.3179244827692893,1.042926989807372,0.3903969700459243,0.531039464619003,3.478103177734704,1.0,,,,,,0.0
68.32,1.3729351695628784,3.012763804630724,2.0529825247266187,0.5683071927356247,3.489518039329644,1.0,,,,,,0.0
68.33,1.4003551172451292,-0.1474719747995739,-0.7432207746445472,0.6321041435447899,4.192124401927874,1.0,,,,,,0.0
68.34,1.4148459776718243,-0.7463867709543687,1.8635101711330893,0.5321206212972265,3.6678008563641593,1.0,,,,,,0.0
68.35,1.403121234101792,-0.0392241712248213,3.2917644567474444,0.4962037901218074,3.6366189314502777,1.0,,,,,,0.0
68.36,1.3970343684280273,5.022254969006204,4.531964348898199,0.5420493948814166,3.000148971876716,1.0,,,,,,0.0
68.37,-1.5587701401779104,-0.7534956604231224,-0.7853362308394696,-1.5821090868539809,-0.5852102947444977,1.0,,,,,,0.0
68.38,-1.5587701401779104,-0.7534956604231224,-0.7853362308394696,-1.5821090868539809,-0.5759097360890765,1.0,,,,,,0.0
68.39,-1.5587701401779104,-0.7534956604231224,-0.7853362308394696,-1.5821090868539809,-0.7016409109928508,1.0,,,,,,0.0
68.4,-1.5587701401779104,-0.7534956604231224,-0.7853362308394696,-1.5821090868539809,-0.736589142679759,1.0,,,,,,0.0
68.41,-1.5587701401779104,-0.7534956604231224,-0.7853362308394696,-1.5821090868539809,-0.7331003555961831,1.0,,,,,,0.0
68.42,-1.5587701401779104,-0.7534956604231224,-0.7853362308394696,-1.5821090868539809,-0.7313163721561156,1.0,,,,,,0.0
68.43,-1.5587701401779104,-0.7534956604231224,-0.7853362308394696,-1.5821090868539809,-0.751587738594701,1.0,,,,,,0.0
68.44,-1.5587701401779104,-0.7534956604231224,-0.7853362308394696,-1.5821090868539809,-0.7367097608061537,1.0,,,,,,0.0
68.45,-1.5587701401779104,-0.7534956604231224,-0.7853362308394696,-1.5821090868539809,-0.732612489176107,1.0,,,,,,0.0
68.46,-1.5587701401779104,-0.7534956604231224,-0.7853362308394696,-1.5821090868539809,-0.7151150607863929,1.0,,,,,,0.0
68.47,-1.5587701401779104,-0.7534956604231224,-0.7853362308394696,-1.5821090868539809,-0.7314797113601066,1.0,,,,,,0.0
68.48,-1.5587701401779104,-0.7534956604231224,-0.7853362308394696,-1.5821090868539809,-0.7324492296458901,1.0,,,,,,0.0
68.49,1.2803362824789988,-0.7534956604231224,-0.7853362308394696,0.5896693117589065,-0.7397746037384997,1.0,,,,,,0.0
68.5,1.2274560867080466,-0.7534956604231224,2.1120539217336254,0.6010110465831067,0.1323751357266773,1.0,,,,,,0.0
68.51,1.120655099964177,-0.7534956604231224,2.1120539217336254,0.5990804096577076,0.2850627528772343,1.0,,,,,,0.0
68.52,0.9867299692502898,-0.7534956604231224,2.1120539217336254,0.6046003277611797,0.8316200618016256,1.0,,,,,,0.0
68.53,0.8510828383544699,7.989851394849141,-0.5634129936305934,0.6936263497883233,-0.044427900304119,1.0,,,,,,0.0
68.54,0.7240421868955502,6.698182027133039,-0.5778129218610542,0.6126295060332808,0.2565427287512836,1.0,,,,,,0.0
68.55,0.6368892574422622,6.698182027133039,-0.5778129218610542,0.6967882409489893,-0.2325447715844774,1.0,,,,,,0.0
68.56,0.5694636184167621,5.116284061897765,0.8778590760544475,0.6892650031182207,0.4980490756345692,1.0,,,,,,0.0
68.57,0.5097007041272252,1.4409656910618178,1.334418752009801,0.6528049247820576,0.7739059734220408,1.0,,,,,,0.0
68.58,0.4592556067730556,0.751607112734933,0.8203993977044419,0.6732658906286899,0.7582452964128864,1.0,,,,,,0.0
68.59,0.4163358967170261,1.4356891931907472,0.4606494083590405,0.6476639414947276,0.450021724692779,1.0,,,,,,0.0
68.6,0.3850881081395584,1.1915972815435956,1.245305976100988,0.6646514643788108,-0.2345699195709381,1.0,,,,,,0.0
68.61,0.3577385899126013,1.1915972815435956,1.245305976100988,0.5792010955043843,-0.284232415375665,1.0,,,,,,0.0
68.62,0.326312966960517,1.1915972815435956,1.245305976100988,0.5983081548875478,-0.6890652184460989,1.0,,,,,,0.0
68.63,0.3092919283523926,1.1915972815435956,1.245305976100988,0.5421898392538328,-0.7218509843971302,1.0,,,,,,0.0
68.64,-1.5587701401779104,-0.7534956604231224,-0.7853362308394696,-1.5821090868539809,-0.7203887316236819,1.0,,,,,,0.0
68.65,-1.5587701401779104,-0.7534956604231224,-0.7853362308394696,-1.5821090868539809,-0.7476245738609801,1.0,,,,,,0.0
68.66,,,,,,0.0,,,,,,0.0
68.67,,,,,,0.0,,,,,,0.0
68.68,,,,,,0.0,,,,,,0.0
68.69,,,,,,0.0,,,,,,0.0
68.7,,,,,,0.0,,,,,,0.0
68.71,,,,,,0.0,,,,,,0.0
68.72,,,,,,0.0,,,,,,0.0
68.73,,,,,,0.0,,,,,,0.0
68.74,,,,,,0.0,,,,,,0.0
68.75,,,,,,0.0,,,,,,0.0
68.76,,,,,,0.0,,,,,,0.0
68.77,,,,,,0.0,,,,,,0.0
68.78,,,,,,0.0,,,,,,0.0
68.79,,,,,,0.0,,,,,,0.0
68.8,,,,,,0.0,,,,,,0.0
68.81,,,,,,0.0,,,,,,0.0
68.82,,,,,,0.0,,,,,,0.0
68.83,,,,,,0.0,,,,,,0.0
68.84,,,,,,0.0,,,,,,0.0
68.85,,,,,,0.0,,,,,,0.0
68.86,,,,,,0.0,,,,,,0.0
68.87,,,,,,0.0,,,,,,0.0
68.88,,,,,,0.0,,,,,,0.0
68.89,,,,,,0.0,,,,,,0.0
68.9,,,,,,0.0,,,,,,0.0
68.91,,,,,,0.0,,,,,,0.0
68.92,,,,,,0.0,,,,,,0.0
68.93,,,,,,0.0,,,,,,0.0
68.94,,,,,,0.0,,,,,,0.0
68.95,,,,,,0.0,,,,,,0.0
68.96,,,,,,0.0,,,,,,0.0
68.97,-1.5587701401779104,-0.7534956604231224,-0.7853362308394696,-1.5821090868539809,-0.720008767395677,1.0,,,,,,0.0
68.98,0.5168404901576322,-0.7534956604231224,-0.2081761100983208,0.7918085120732374,-0.7021213597845714,1.0,,,,,,0.0
68.99,0.502865525490964,0.1572136159055581,-0.6447493004127578,0.7531153303600294,-0.6968124014327963,1.0,,,,,,0.0
69.0,0.4739366267290439,1.075193563472472,-0.3177421535541762,0.706255554452383,-0.6601378223139016,1.0,,,,,,0.0
69.01,0.4640518526785621,-0.6448379057191459,-0.2960469232059601,0.8587190881199338,-0.6652249927811101,1.0,,,,,,0.0
69.02,0.4673321045588697,-0.6448379057191459,-0.2960469232059601,0.8496259774794337,-0.5897047720072338,1.0,,,,,,0.0
69.03,0.4769245963698826,2.227105321526948,0.2663234036623784,0.5875711636885095,-0.6063839188688913,1.0,,,,,,0.0
69.04,0.4814215170903904,2.227105321526948,0.2663234036623784,0.667979352459435,-0.5794106813905581,1.0,,,,,,0.0
69.05,0.4771112344264111,2.227105321526948,0.2663234036623784,0.6576618015963461,-0.6595868781669831,1.0,,,,,,0.0
69.06,0.4714310988569679,1.049282887049945,-0.2968357552699605,0.7151796397228456,-0.6908668974313624,1.0,,,,,,0.0
69.07,0.4638370428399159,-0.5891930012324923,0.2945883691591732,0.6810736134887598,-0.7054081818185413,1.0,,,,,,0.0
69.08,0.4425268504044004,-0.5153209278777681,-0.2942925278153885,0.6052162387960079,-0.6874854468560627,1.0,,,,,,0.0
69.09,0.4303302294839004,0.616446284830721,0.1660303203812705,0.6113511215436587,-0.5129338323297673,1.0,,,,,,0.0
69.1,-1.5587701401779104,-0.7534956604231224,-0.7853362308394696,-1.5821090868539809,-0.411778017068536,1.0,,,,,,0.0
69.11,-1.5587701401779104,-0.7534956604231224,-0.7853362308394696,-1.5821090868539809,-0.4233035455355042,1.0,,,,,,0.0
69.12,-1.5587701401779104,-0.7534956604231224,-0.7853362308394696,-1.5821090868539809,-0.6335059072832039,1.0,,,,,,0.0
69.13,-1.5587701401779104,-0.7534956604231224,-0.7853362308394696,-1.5821090868539809,-0.759805004815127,1.0,,,,,,0.0
69.14,-1.5587701401779104,-0.7534956604231224,-0.7853362308394696,-1.5821090868539809,-0.7669001902204442,1.0,,,,,,0.0
69.15,-1.5587701401779104,-0.7534956604231224,-0.7853362308394696,-1.5821090868539809,-0.7695804252982177,1.0,,,,,,0.0
69.16,-1.5587701401779104,-0.7534956604231224,-0.7853362308394696,-1.5821090868539809,-0.7676663539460041,1.0,,,,,,0.0
69.17,-1.5587701401779104,-0.7534956604231224,-0.7853362308394696,-1.5821090868539809,-0.7648184977566057,1.0,,,,,,0.0
69.18,-1.5587701401779104,-0.7534956604231224,-0.7853362308394696,-1.5821090868539809,-0.7631791293869113,1.0,,,,,,0.0
69.19,0.6909826005806498,-0.7534956604231224,1.0888885336522731,0.5298174850121034,-0.7367398695253324,1.0,,,,,,0.0
69.2,0.6872674468139028,-0.7534956604231224,1.0888885336522731,0.5957388935517275,0.1048805130715638,1.0,,,,,,0.0
69.21,0.6809763357197861,-0.7534956604231224,1.0888885336522731,0.7058883548802971,0.4417340587256838,1.0,,,,,,0.0
69.22,0.6737978134889675,-0.7534956604231224,1.0888885336522731,0.6029657218310084,0.4215821710785256,1.0,,,,,,0.0
69.23,0.6622667509209934,0.6829252362166239,3.2935816768725505,0.5086438870062429,-0.2714785563355886,1.0,,,,,,0.0
69.24,0.6483586942368542,0.6829252362166239,3.2935816768725505,0.3755342124754857,-0.0465233205592103,1.0,,,,,,0.0
69.25,0.6590146708228033,0.6829252362166239,3.2935816768725505,0.4113423033652537,-0.0501515048777028,1.0,,,,,,0.0
69.26,0.6740425558461135,2.3810351394460105,-0.1351392736791342,0.8001730911915943,-0.1729644843974778,1.0,,,,,,0.0
69.27,0.6877058701731067,2.3810351394460105,-0.1351392736791342,0.7722920440950114,-0.6408338229692029,1.0,,,,,,0.0
69.28,0.6739421938723198,0.2733415440429251,0.812342272287066,0.6627842356269419,-0.5982755985669752,1.0,,,,,,0.0
69.29,0.6635485670073402,-0.1999517442895557,0.1125244902776201,0.769516848153815,-0.6243317112332797,1.0,,,,,,0.0
69.3,0.6684909540325812,-0.1999517442895557,0.1125244902776201,0.8122586890664631,-0.71547421422464,1.0,,,,,,0.0
69.31,0.6932874045051388,-0.2404859910180286,0.0790232005867271,0.7869007194419949,-0.7203719124899994,1.0,,,,,,0.0
69.32,0.7073416023090122,-0.4481415549185645,-0.6114364849254703,0.5421620153687314,-0.6912686843060545,1.0,,,,,,0.0
69.33,0.6981576013387037,2.416394803291241,2.340322016770268,0.6027944251234116,-0.6940770175231433,1.0,,,,,,0.0
69.34,0.6630432356656073,2.416394803291241,2.340322016770268,0.5990204084905162,-0.6931350265262624,1.0,,,,,,0.0
69.35,0.6287071154735075,2.416394803291241,2.340322016770268,0.6255416815016024,-0.7211268454003822,1.0,,,,,,0.0
69.36,0.5926454736267098,4.45916490253481,2.543605536888135,0.6625001291539003,-0.7170556430291746,1.0,,,,,,0.0
69.37,0.5436388978969156,4.45916490253481,2.543605536888135,0.5821983146920016,-0.7594520898333808,1.0,,,,,,0.0
69.38,0.488436290837651,4.358521942739562,7.655959502483909,0.5204183116354885,-0.7531564833344214,1.0,,,,,,0.0
69.39,0.4463124336264412,4.358521942739562,7.655959502483909,0.6143324413683608,-0.7555842946070874,1.0,,,,,,0.0
69.4,0.4264020266148897,1.252333013632071,2.5993947818759664,0.6645098843376148,-0.7388595424772165,1.0,,,,,,0.0
69.41,0.436962923436192,1.252333013632071,2.5993947818759664,0.5935317212784843,-0.7474775518458957,1.0,,,,,,0.0
69.42,0.4692671538430664,1.252333013632071,2.5993947818759664,0.569482042088169,-0.7485050726391205,1.0,,,,,,0.0
69.43,0.5152963243503161,3.4476641641388586,1.5172020328164872,0.6011283990236702,-0.7645611315482785,1.0,,,,,,0.0
69.44,0.5855972458881847,0.621431718248627,0.7908981940902278,0.6309111234917713,-0.7657814493299395,1.0,,,,,,0.0
69.45,0.6180564210967057,1.1106355400056236,6.679613220307571,0.5326723670460048,-0.7678366287520181,1.0,,,,,,0.0
69.46,0.6229072498300646,2.051193773010874,9.063339242541604,0.4742944869526789,-0.7318269535691471,1.0,,,,,,0.0
69.47,0.5787708709338353,3.273924991716375,6.356669131046965,0.3976875708653603,-0.7195540133960577,1.0,,,,,,0.0
69.48,0.5459753950762867,0.846885321880308,3.6552716000768704,0.606192913946504,-0.7005943959719143,1.0,,,,,,0.0
69.49,0.5254909880040907,0.846885321880308,3.6552716000768704,0.597591358609461,-0.7319745412680266,1.0,,,,,,0.0
69.5,0.4947678988685616,0.846885321880308,3.6552716000768704,0.6723908578339721,-0.7143694895444501,1.0,,,,,,0.0
69.51,0.4621977972679533,0.846885321880308,3.6552716000768704,0.5401443105035594,-0.6543852164865972,1.0,,,,,,0.0
69.52,0.4676719266806622,0.846885321880308,3.6552716000768704,0.4539501921453424,-0.6387986360872236,1.0,,,,,,0.0
69.53,0.4949052363063845,6.929968616228183,4.301435737712393,0.5164868155984821,-0.4803602456061631,1.0,,,,,,0.0
69.54,0.5411861921163096,4.430440320203555,-0.5059120682002038,0.5683827147094712,-0.5241863984471559,1.0,,,,,,0.0
69.55,0.5837766444688407,-0.4997762191930751,1.016957148344733,0.6771519599145104,-0.5017560798861251,1.0,,,,,,0.0
69.56,0.6381288158554329,-0.4409994442186825,6.498271385512883,0.5610648436496886,-0.6889119261050041,1.0,,,,,,0.0
69.57,0.6847002931684447,6.712528195194847,2.3429553712972804,0.5223292636353738,-0.6752020614512075,1.0,,,,,,0.0
69.58,0.6981593620750862,6.712528195194847,2.3429553712972804,0.4981057703383335,-0.6773189936252675,1.0,,,,,,0.0
69.59,0.7056336880181384,0.3448271434570234,-0.2998588286525595,0.4642476227432187,-0.6558300207035487,1.0,,,,,,0.0
69.6,0.7219944504828831,0.3448271434570234,-0.2998588286525595,0.4898084038839188,-0.2896724609877328,1.0,,,,,,0.0
69.61,0.7547335827761971,1.3248080624700462,-0.5039696389663154,0.5648441600702224,0.129793705450443,1.0,,,,,,0.0
69.62,0.7936775500808922,0.3932337926299656,-0.7454676543034344,0.6208797611611533,0.5728189288053103,1.0,,,,,,0.0
69.63,0.8313766767632707,0.3932337926299656,-0.7454676543034344,0.6746553813805873,0.1826644251111305,1.0,,,,,,0.0
69.64,0.8607193485750414,0.8170143020090377,-0.5551920541857845,0.6202805066017598,-0.0187750962815892,1.0,,,,,,0.0
69.65,0.8785820191739262,-0.1771044575927551,-0.7134370065116877,0.6970577730060254,-0.3864015216940921,1.0,,,,,,0.0
69.66,0.8863961672387713,-0.5870111209934931,-0.0644181452319739,0.5599395851671888,2.6835739951703474,1.0,,,,,,0.0
69.67,0.8944145607239681,-0.5870111209934931,-0.0644181452319739,0.5666536589924593,2.42403986345362,1.0,,,,,,0.0
69.68,0.9103016851018624,-0.5870111209934931,-0.0644181452319739,0.608962810100062,2.5991954848602896,1.0,,,,,,0.0
69.69,0.928884496881126,0.0793764470293858,-0.068186895370271,0.6945008147486511,-0.317144695312364,1.0,,,,,,0.0
69.7,0.938461142064698,0.1010585424706755,-0.4442708753345344,0.8754314006030827,-0.2994638897645084,1.0,,,,,,0.0
69.71,0.9343709514485116,-0.5477121585929259,-0.6077687240800709,0.9057688992700412,0.8042146737733452,1.0,,,,,,0.0
69.72,0.923648066880034,-0.4190962076797407,-0.7163633914535429,0.9002578772386762,0.6276942406187773,1.0,,,,,,0.0
69.73,0.9119250840463838,-0.4250198360230659,-0.6047936499689509,1.0281069257761677,0.6275197550538097,1.0,,,,,,0.0
69.74,0.9013923590071992,-0.4741442178913042,-0.7744654820715234,0.9200476628365374,0.1051418430501455,1.0,,,,,,0.0
69.75,0.8929672354176809,-0.4741442178913042,-0.7744654820715234,0.983785937425421,0.1385187804365669,1.0,,,,,,0.0
69.76,0.8865317439402118,0.0243785881565455,-0.6551544856047103,0.862111520042868,1.559275062194463,1.0,,,,,,0.0
69.77,0.8916889408040989,0.0243785881565455,-0.6551544856047103,0.9332376985996124,0.7117365276027329,1.0,,,,,,0.0
69.78,0.9048240342163884,0.0243785881565455,-0.6551544856047103,0.9851176983476866,0.9606844049736812,1.0,,,,,,0.0
69.79,0.9034436168926306,1.8431454842446688,-0.5747874998902484,0.6232557695263038,0.2460807654928786,1.0,,,,,,0.0
69.8,0.8875776213513241,4.210934444712487,0.8121279636131844,0.5129594283688999,0.2665027472337539,1.0,,,,,,0.0
69.81,0.861060931433216,0.0726108532329123,0.7977384572428917,0.5390296515963363,1.3076597068714062,1.0,,,,,,0.0
69.82,0.8477691324828976,0.0726108532329123,0.7977384572428917,0.6811285041464429,0.6204104642035511,1.0,,,,,,0.0
69.83,0.8392454076559682,0.2105921211458215,-0.751609491359388,0.7184840573153571,1.3828980418330197,1.0,,,,,,0.0
69.84,0.835820775392308,-0.6597656935366358,-0.1260201460319402,0.7079391834182089,0.805577892045764,1.0,,,,,,0.0
69.85,0.8361623582504827,-0.5133365132313386,-0.526400711357113,0.71349449653198,2.127505231110868,1.0,,,,,,0.0
69.86,0.8376413768116522,-0.3556903198818554,-0.7098096707408,0.8005639505299226,1.4742017965754932,1.0,,,,,,0.0
69.87,0.8369705362499786,-0.6912810748230918,-0.5276206561438468,0.7107904691676415,3.543746400098574,1.0,,,,,,0.0
69.88,0.8332870757381143,-0.6912810748230918,-0.5276206561438468,0.8035416740701559,2.72189947065729,1.0,,,,,,0.0
69.89,0.8293694372873979,-0.6912810748230918,-0.5276206561438468,0.771334864591899,2.630657064720764,1.0,,,,,,0.0
69.9,0.8230184611562811,-0.3263351544743716,-0.6108280537931142,0.7265007432308823,-0.0639298093033291,1.0,,,,,,0.0
69.91,0.8041856248107243,-0.3263351544743716,-0.6108280537931142,0.7877744272898031,-0.0931710404311463,1.0,,,,,,0.0
69.92,0.7927355561163383,-0.5185242491729601,-0.1038421340204385,0.6036403090861184,-0.0649659667336509,1.0,,,,,,0.0
69.93,-1.5587701401779104,-0.7534956604231224,-0.7853362308394696,-1.5821090868539809,-0.1664522688092592,1.0,,,,,,0.0
69.94,-1.5587701401779104,-0.7534956604231224,-0.7853362308394696,-1.5821090868539809,-0.6600847595804458,1.0,,,,,,0.0
69.95,-1.5587701401779104,-0.7534956604231224,-0.7853362308394696,-1.5821090868539809,-0.6518770860824042,1.0,,,,,,0.0
69.96,-1.5587701401779104,-0.7534956604231224,-0.7853362308394696,-1.5821090868539809,-0.6250544320368513,1.0,,,,,,0.0
69.97,-1.5587701401779104,-0.7534956604231224,-0.7853362308394696,-1.5821090868539809,-0.6251733053075964,1.0,,,,,,0.0
69.98,-1.5587701401779104,-0.7534956604231224,-0.7853362308394696,-1.5821090868539809,-0.7060744537532638,1.0,,,,,,0.0
69.99,-1.5587701401779104,-0.7534956604231224,-0.7853362308394696,-1.5821090868539809,-0.752973751533849,1.0,,,,,,0.0
70.0,-1.5587701401779104,-0.7534956604231224,-0.7853362308394696,-1.5821090868539809,-0.7667662044282548,1.0,,,,,,0.0
70.01,,,,,,0.0,,,,,,0.0
70.02,,,,,,0.0,,,,,,0.0
70.03,,,,,,0.0,,,,,,0.0
70.04,,,,,,0.0,,,,,,0.0
70.05,,,,,,0.0,,,,,,0.0
70.06,,,,,,0.0,,,,,,0.0
70.07,,,,,,0.0,,,,,,0.0
70.08,,,,,,0.0,,,,,,0.0
70.09,,,,,,0.0,,,,,,0.0
70.1,,,,,,0.0,,,,,,0.0
70.11,,,,,,0.0,,,,,,0.0
70.12,,,,,,0.0,,,,,,0.0
70.13,,,,,,0.0,,,,,,0.0
70.14,,,,,,0.0,,,,,,0.0
70.15,,,,,,0.0,,,,,,0.0
70.16,,,,,,0.0,,,,,,0.0
70.17,,,,,,0.0,,,,,,0.0
70.18,,,,,,0.0,,,,,,0.0
70.19,,,,,,0.0,,,,,,0.0
70.2,,,,,,0.0,,,,,,0.0
70.21,,,,,,0.0,,,,,,0.0
70.22,,,,,,0.0,,,,,,0.0
70.23,,,,,,0.0,,,,,,0.0
70.24,,,,,,0.0,,,,,,0.0
70.25,,,,,,0.0,,,,,,0.0
70.26,,,,,,0.0,,,,,,0.0
70.27,,,,,,0.0,,,,,,0.0
70.28,,,,,,0.0,,,,,,0.0
70.29,,,,,,0.0,,,,,,0.0
70.3,,,,,,0.0,,,,,,0.0
70.31,,,,,,0.0,,,,,,0.0
70.32,,,,,,0.0,,,,,,0.0
70.33,,,,,,0.0,,,,,,0.0
70.34,,,,,,0.0,,,,,,0.0
70.35,,,,,,0.0,,,,,,0.0
70.36,,,,,,0.0,,,,,,0.0
70.37,,,,,,0.0,,,,,,0.0
70.38,,,,,,0.0,,,,,,0.0
70.39,,,,,,0.0,,,,,,0.0
70.4,,,,,,0.0,,,,,,0.0
70.41,,,,,,0.0,,,,,,0.0
70.42,,,,,,0.0,,,,,,0.0
70.43,,,,,,0.0,,,,,,0.0
70.44,,,,,,0.0,,,,,,0.0
70.45,,,,,,0.0,,,,,,0.0
70.46,,,,,,0.0,,,,,,0.0
70.47,,,,,,0.0,,,,,,0.0
70.48,,,,,,0.0,,,,,,0.0
70.49,,,,,,0.0,,,,,,0.0
70.5,,,,,,0.0,,,,,,0.0
70.51,,,,,,0.0,,,,,,0.0
70.52,,,,,,0.0,,,,,,0.0
70.53,,,,,,0.0,,,,,,0.0
70.54,,,,,,0.0,,,,,,0.0
70.55,,,,,,0.0,,,,,,0.0
70.56,,,,,,0.0,,,,,,0.0
70.57,,,,,,0.0,,,,,,0.0
70.58,,,,,,0.0,,,,,,0.0
70.59,,,,,,0.0,,,,,,0.0
70.6,,,,,,0.0,,,,,,0.0
70.61,,,,,,0.0,,,,,,0.0
70.62,,,,,,0.0,,,,,,0.0
70.63,,,,,,0.0,,,,,,0.0
70.64,,,,,,0.0,,,,,,0.0
70.65,,,,,,0.0,,,,,,0.0
70.66,,,,,,0.0,,,,,,0.0
70.67,,,,,,0.0,,,,,,0.0
70.68,,,,,,0.0,,,,,,0.0
70.69,,,,,,0.0,,,,,,0.0
70.7,,,,,,0.0,,,,,,0.0
70.71,,,,,,0.0,,,,,,0.0
70.72,,,,,,0.0,,,,,,0.0
70.73,,,,,,0.0,,,,,,0.0
70.74,,,,,,0.0,,,,,,0.0
70.75,,,,,,0.0,,,,,,0.0
70.76,,,,,,0.0,,,,,,0.0
70.77,,,,,,0.0,,,,,,0.0
70.78,,,,,,0.0,,,,,,0.0
70.79,,,,,,0.0,,,,,,0.0
70.8,,,,,,0.0,,,,,,0.0
70.81,,,,,,0.0,,,,,,0.0
70.82,,,,,,0.0,,,,,,0.0
70.83,,,,,,0.0,,,,,,0.0
70.84,,,,,,0.0,,,,,,0.0
70.85,,,,,,0.0,,,,,,0.0
70.86,,,,,,0.0,,,,,,0.0
70.87,,,,,,0.0,,,,,,0.0
70.88,,,,,,0.0,,,,,,0.0
70.89,,,,,,0.0,,,,,,0.0
70.9,,,,,,0.0,,,,,,0.0
70.91,,,,,,0.0,,,,,,0.0
70.92,,,,,,0.0,,,,,,0.0
70.93,,,,,,0.0,,,,,,0.0
70.94,,,,,,0.0,,,,,,0.0
70.95,,,,,,0.0,,,,,,0.0
70.96,-1.5587701401779104,-0.7534956604231224,-0.7853362308394696,-1.5821090868539809,-0.7697647463674939,1.0,,,,,,0.0
70.97,-1.5587701401779104,-0.7534956604231224,-0.7853362308394696,-1.5821090868539809,-0.7691913518879623,1.0,,,,,,0.0
70.98,0.7007317979296913,-0.7534956604231224,1.6007222330575643,0.417533136728115,-0.7548634222350717,1.0,,,,,,0.0
70.99,0.6553523391475266,-0.7534956604231224,1.6007222330575643,0.4040682312647395,-0.6543919090836097,1.0,,,,,,0.0
71.0,0.5677856366443879,-0.7534956604231224,1.6007222330575643,0.4616458434246744,-0.64184089947203,1.0,,,,,,0.0
71.01,0.5603253965923943,24.27964265042277,0.8510969134365576,0.5473202229658861,-0.3897890912152318,1.0,,,,,,0.0
71.02,0.5558302366082687,1.0131993807016553,0.439199458691685,0.5639645846003862,-0.3452150406580967,1.0,,,,,,0.0
71.03,0.5506871256354406,1.0131993807016553,0.439199458691685,0.6391704639698809,0.0779069568981348,1.0,,,,,,0.0
71.04,0.5394800385618177,0.2757421893432241,1.0618753656697684,0.6298619548175078,-0.0700964797338924,1.0,,,,,,0.0
71.05,0.5201330671926164,-0.2098247693427152,0.6654342634881835,0.6507262723590446,-0.0757050353778811,1.0,,,,,,0.0
71.06,0.5025257033691715,-0.3071447574407411,0.2810582992858516,0.5329150216085893,-0.506139571581738,1.0,,,,,,0.0
71.07,0.5448361986369098,-0.3071447574407411,0.2810582992858516,0.4094063477244032,-0.5998623017753458,1.0,,,,,,0.0
71.08,0.5975632103425979,-0.3071447574407411,0.2810582992858516,0.3609504272025894,-0.7050999319544757,1.0,,,,,,0.0
71.09,0.6517533939820145,4.561838524826917,6.860039105701556,0.3676083043510804,0.9851609850712714,1.0,,,,,,0.0
71.1,-1.5587701401779104,-0.7534956604231224,-0.7853362308394696,-1.5821090868539809,1.277985209760806,1.0,,,,,,0.0
71.11,-1.5587701401779104,-0.7534956604231224,-0.7853362308394696,-1.5821090868539809,1.2457245019475345,1.0,,,,,,0.0
71.12,0.9084282615910476,-0.7534956604231224,6.527346907514593,0.4729604168372281,-0.1864773954820505,1.0,,,,,,0.0
71.13,0.8973373831186598,2.3560706346423714,3.823113456284637,0.4560299991649481,0.4105170773512599,1.0,,,,,,0.0
71.14,0.9439528788412304,1.1905535227173785,1.3786514751519408,0.4282305120145568,0.4736856322959992,1.0,,,,,,0.0
71.15,1.029744759070966,1.1905535227173785,1.3786514751519408,0.520387648578438,0.211423470558955,1.0,,,,,,0.0
71.16,1.1448088816571786,1.1905535227173785,1.3786514751519408,0.5214816761694975,-0.4717210589483658,1.0,,,,,,0.0
71.17,1.2109597475418614,9.516200175919389,1.0398500118917169,0.5045471511617978,-0.4807427593949347,1.0,,,,,,0.0
71.18,1.2588535378780137,9.516200175919389,1.0398500118917169,0.6062239555598143,-0.0909841546835513,1.0,,,,,,0.0
71.19,1.2844247123588028,4.7750105662701126,-0.2963746980475889,0.5676411229963619,3.090457601182456,1.0,,,,,,0.0
71.2,1.2976654499540334,-0.4957378908369094,-0.5966619568760052,0.6358686962711885,5.097998480336061,1.0,,,,,,0.0
71.21,1.3072385736648406,-0.3181372350496285,-0.3758070337277532,0.721521214188392,8.752950796665104,1.0,,,,,,0.0
71.22,1.3181128815622,-0.5408105367152796,-0.6980786781486867,0.5945892181904653,5.995709183864527,1.0,,,,,,0.0
71.23,1.3264922260057777,-0.5217733940263765,-0.5048356808676184,0.6043126250036692,3.998410368353204,1.0,,,,,,0.0
71.24,1.3246997963685505,-0.5721149853745543,-0.0695245631408766,0.6366871349050537,4.017406189540233,1.0,,,,,,0.0
71.25,1.3038350702377688,-0.5207765619181187,0.580499332425961,0.5185878028408282,3.367217999566609,1.0,,,,,,0.0
71.26,1.2607516116981814,-0.0092264577009055,1.4097585259526388,0.5318045268202248,3.4218662411242966,1.0,,,,,,0.0
71.27,1.206860753243763,1.2261117553149137,1.8782108654408,0.4683836905830655,2.591986601792584,1.0,,,,,,0.0
71.28,1.1554155576244216,1.255870762043858,-0.022737163176656,0.5734220556410229,5.701174363248118,1.0,,,,,,0.0
71.29,1.1124324610586278,0.584172073905917,1.5239894527344953,0.6237743916023424,14.194924514062704,1.0,,,,,,0.0
71.3,1.0630455662702474,0.584172073905917,1.5239894527344953,0.6250298734382416,13.80823581953569,1.0,,,,,,0.0
71.31,0.9995164368588756,0.7674153917378559,0.0739204523468976,0.5789737724703251,17.28911926473485,1.0,,,,,,0.0
71.32,0.9302719571504136,0.7674153917378559,0.0739204523468976,0.6846204963657262,8.834186176592526,1.0,,,,,,0.0
71.33,0.8653465637878427,0.7674153917378559,0.0739204523468976,0.6327908446002164,6.899867089181662,1.0,,,,,,0.0
71.34,0.8102971407938422,5.893233523185716,-0.0648949086379793,0.6858750318109756,2.840186342426068,1.0,,,,,,0.0
71.35,0.7618962583795745,5.893233523185716,-0.0648949086379793,0.6577965676248642,3.524500403261316,1.0,,,,,,0.0
71.36,0.7229787021206139,3.025760723478154,0.3269884645545452,0.5728284794255276,3.28000708659235,1.0,,,,,,0.0
71.37,0.6933279014419326,3.025760723478154,0.3269884645545452,0.6856147743823067,2.206296219653262,1.0,,,,,,0.0
71.38,0.6682303650479943,3.025760723478154,0.3269884645545452,0.6796920724183199,2.984645252202258,1.0,,,,,,0.0
71.39,0.6459940252753656,1.6537906614806857,0.1715963276449155,0.6189150541723646,2.594478797441985,1.0,,,,,,0.0
71.4,0.6247348941949383,1.6537906614806857,0.1715963276449155,0.5538815493402941,2.272770439479512,1.0,,,,,,0.0
71.41,0.6074972850117855,0.093329211357995,-0.4989082845936329,0.4685595110379677,2.473378644714756,1.0,,,,,,0.0
71.42,0.5930451607855021,0.093329211357995,-0.4989082845936329,0.6443631201866848,2.2224946946366315,1.0,,,,,,0.0
71.43,0.5805633005710619,0.093329211357995,-0.4989082845936329,0.6317176376034502,1.092934902366311,1.0,,,,,,0.0
71.44,0.5827254848485809,0.093329211357995,-0.4989082845936329,0.567281115993214,-0.7292449337069855,1.0,,,,,,0.0
71.45,0.6002043149161147,2.0617603461036005,1.9640018569044453,0.4845323138674368,0.8284681673038532,1.0,,,,,,0.0
71.46,0.6357553432120323,0.282000499378468,-0.3556354499787786,0.810029181973887,1.4612579952583016,1.0,,,,,,0.0
71.47,0.6843375814736817,0.282000499378468,-0.3556354499787786,0.7973288087329695,1.5728395222107867,1.0,,,,,,0.0
71.48,0.7462697229862668,0.282000499378468,-0.3556354499787786,0.7464084491036966,0.1552446958035375,1.0,,,,,,0.0
71.49,0.8194371233545926,5.824094259669576,-0.4032730388739054,0.7053377448002985,-0.4217215430797972,1.0,,,,,,0.0
71.5,0.8909864069875432,1.1430565560336272,-0.5567860116444707,0.7771642524378249,-0.4867266581880387,1.0,,,,,,0.0
71.51,0.9672650285434712,1.072988941171243,-0.0937398286351213,0.7375396330471768,-0.5941610855322441,1.0,,,,,,0.0
71.52,1.0439063617941624,0.650082473736076,-0.7188425318074185,0.8047901526152473,-0.0673713179694383,1.0,,,,,,0.0
71.53,1.1057117302872188,6.056509649813684,1.9373864810494883,0.5711866809264184,0.4094693672237142,1.0,,,,,,0.0
71.54,1.149615691980979,0.8361464861520354,-0.2784037414485014,0.6738121473116998,0.5689021660775426,1.0,,,,,,0.0
71.55,1.1858164320019815,-0.215492294910632,-0.6076520286035394,0.6600404598553159,-0.0073764084627619,1.0,,,,,,0.0
71.56,1.2354445476747435,0.4842826570681331,-0.5411661386272762,0.768742322046096,-0.4716162879356112,1.0,,,,,,0.0
71.57,1.289425203684661,0.4842826570681331,-0.5411661386272762,0.7084019684459149,3.0718386369462465,1.0,,,,,,0.0
71.58,1.3392945402418042,0.4842826570681331,-0.5411661386272762,0.7047348939564362,3.058455833134547,1.0,,,,,,0.0
71.59,1.3760129367592169,0.4842826570681331,-0.5411661386272762,0.7584556235181875,4.323446699853895,1.0,,,,,,0.0
71.6,1.3991049944136646,4.664347521743181,-0.015515694800656,0.6670367473723284,2.989508539364645,1.0,,,,,,0.0
71.61,1.407507228430212,0.0023736912050989,-0.4619783496941578,0.6477146680335518,3.476630806391962,1.0,,,,,,0.0
71.62,1.4071462774718315,0.0023736912050989,-0.4619783496941578,0.714012172217369,2.6946016422238523,1.0,,,,,,0.0
71.63,1.4115058607545168,0.8150710437065689,2.3502873701057685,0.5299689075160562,2.8483242216981224,1.0,,,,,,0.0
71.64,1.41461003899659,0.3670295060010396,-0.1420445633677772,0.6745929195977068,2.468546430324212,1.0,,,,,,0.0
71.65,1.4109529895304609,-0.450155924594722,-0.3339638522993948,0.7590571494151402,2.19403283236567,1.0,,,,,,0.0
71.66,1.389170919744477,-0.5966104775739249,-0.5129572456739218,0.8527971432684669,0.3415777509587538,1.0,,,,,,0.0
71.67,1.357294548278512,0.3850755020972423,-0.5816982206891199,0.7034515882354356,0.4817255128260854,1.0,,,,,,0.0
71.68,1.320764550554011,-0.168761684808959,-0.6202546997086522,0.7826677033439923,0.347325417012073,1.0,,,,,,0.0
71.69,1.2704849624197816,0.2367208837621188,-0.5543637364825553,0.7058764303581108,1.192292082180444,1.0,,,,,,0.0
71.7,1.210769588012568,-0.1964869741371624,4.248351772765411,0.438454199853008,0.9484903338694328,1.0,,,,,,0.0
71.71,1.138290635569739,3.233932056984034,0.0857078697706823,0.6764908114066261,0.9533528242940804,1.0,,,,,,0.0
71.72,1.0577792037506548,1.0498200409824618,-0.5577302908904168,0.6144007707732695,0.6094505398579095,1.0,,,,,,0.0
71.73,0.9573239109287546,2.468825439743793,0.4081097287290133,0.6036353878547399,0.6624654690494608,1.0,,,,,,0.0
71.74,0.8575799556053211,1.5032950646752,-0.1045423068796275,0.5796137218276559,0.5310850092684507,1.0,,,,,,0.0
71.75,0.7738798301978111,2.1918084529281727,0.6797678441017987,0.5364963531052047,1.62310968988949,1.0,,,,,,0.0
71.76,0.7204238736298323,2.1918084529281727,0.6797678441017987,0.6259164521988857,1.5860629784745703,1.0,,,,,,0.0
71.77,0.6822053297146625,2.1918084529281727,0.6797678441017987,0.5923968096113577,1.7409774776072495,1.0,,,,,,0.0
71.78,0.6545864188212067,3.064696322033692,0.4836344539931462,0.6560067536281412,-0.4948686008225651,1.0,,,,,,0.0
71.79,0.6318095329791984,0.0395295536742752,0.9091393352354058,0.5784865705638568,1.4767394062760506,1.0,,,,,,0.0
71.8,0.6003997566545549,-0.1354509280254364,-0.33864194643406,0.6229391072149123,4.062566878095019,1.0,,,,,,0.0
71.81,0.5722015634913078,0.510345230100329,0.1361802046315654,0.5026585339812456,4.662865741029457,1.0,,,,,,0.0
71.82,0.5548847211709499,2.351696182000788,6.849182756715055,0.4035967015874302,3.188593382041814,1.0,,,,,,0.0
71.83,0.5588287706674013,2.351696182000788,6.849182756715055,0.5774847214220784,0.5639695627318123,1.0,,,,,,0.0
71.84,0.5692400048962044,0.5291091286087101,-0.5657341327128482,0.6139536958303488,-0.0735907324383617,1.0,,,,,,0.0
71.85,0.5796864538526543,0.9139005786143164,-0.683601877690478,0.7404490271825014,-0.414155880852308,1.0,,,,,,0.0
71.86,0.5933761792253828,0.9139005786143164,-0.683601877690478,0.7007553212744246,-0.4589693511001864,1.0,,,,,,0.0
71.87,0.6184895622467622,-0.6605811831561436,-0.6928324898841194,0.7751870530924603,-0.3528986997448174,1.0,,,,,,0.0
71.88,0.6737625987613206,-0.1195869818851152,-0.6102133108299521,0.7242727503633457,0.3794363381303039,1.0,,,,,,0.0
71.89,0.7220296652105302,-0.1195869818851152,-0.6102133108299521,0.715750313284618,0.4772884803543729,1.0,,,,,,0.0
71.9,0.7581212395758278,-0.1195869818851152,-0.6102133108299521,0.3718450681560558,1.084071195013501,1.0,,,,,,0.0
71.91,0.7676978847593996,3.814706622592307,-0.4274441215525073,0.4151205598282598,0.4162695238310165,1.0,,,,,,0.0
71.92,0.7866363652878966,3.814706622592307,-0.4274441215525073,0.6709252772738383,0.8835530211428294,1.0,,,,,,0.0
71.93,0.8111528586756616,3.814706622592307,-0.4274441215525073,0.7087025421162614,0.6319129669498453,1.0,,,,,,0.0
71.94,0.8345935421338138,0.8656619491548627,-0.4596511923546228,0.7246554707420866,0.8428062596653073,1.0,,,,,,0.0
71.95,0.8539352312938681,-0.1913469286394704,-0.6735766353557004,0.7449057700300943,3.217583481434117,1.0,,,,,,0.0
71.96,0.8678644168145954,-0.1913469286394704,-0.6735766353557004,0.7684031356372416,3.786595250073049,1.0,,,,,,0.0
71.97,0.876828325737111,0.1374051099865485,-0.2375275912143436,0.785521638987244,4.192686102034277,1.0,,,,,,0.0
71.98,0.8797687554956263,0.1374051099865485,-0.2375275912143436,0.7471964139586414,8.304180297470138,1.0,,,,,,0.0
71.99,0.8777456693923129,-0.516539495092766,-0.5702600089743521,0.6710165093324698,7.856190601259956,1.0,,,,,,0.0
72.0,0.8712362269867848,-0.2978991757014879,-0.7280057395195212,0.7638324473554241,19.500958838333425,1.0,,,,,,0.0
72.01,0.8614659008011557,-0.6564943157716367,0.1557188438587741,0.7961072076823297,15.713968753588215,1.0,,,,,,0.0
72.02,0.8478765374022207,-0.3447530851181604,-0.5720911738419376,0.7056237440546396,15.217481631169896,1.0,,,,,,0.0
72.03,0.8272266211100845,-0.3447530851181604,-0.5720911738419376,0.7871583269768447,5.166593616025069,1.0,,,,,,0.0
72.04,0.7966989737129957,-0.3447530851181604,-0.5720911738419376,0.7856189279460337,3.822404627778403,1.0,,,,,,0.0
72.05,0.7551174233075479,2.0930654736304044,1.3098349049538325,0.6536871501457131,4.810288515196881,1.0,,,,,,0.0
72.06,0.7107679953090548,2.0930654736304044,1.3098349049538325,0.709677135207328,2.7929533390106376,1.0,,,,,,0.0
72.07,0.6705879910639535,2.0930654736304044,1.3098349049538325,0.6899244481229355,1.847164293325049,1.0,,,,,,0.0
72.08,0.6401712700589525,3.069444151816361,-0.1147033269701178,0.7215291638698494,2.0461909741472293,1.0,,,,,,0.0
72.09,0.6161953227405673,0.8602496777779427,-0.3458074890533826,0.6835965016827448,2.1824705742889075,1.0,,,,,,0.0
72.1,0.596894130517307,0.0487178559657482,-0.1143469287097173,0.667638651825541,1.1397113750569627,1.0,,,,,,0.0
72.11,0.5804594171245037,-0.2685846574873178,0.3216197387002817,0.6715551948902823,0.8612802176329135,1.0,,,,,,0.0
72.12,0.5677521826531234,-0.1553613489322744,1.1453309797351552,0.6830349134712096,0.3369534851182404,1.0,,,,,,0.0
72.13,0.5569447827382927,-0.0428003605104522,-0.7544701158314494,0.7407248054178255,0.4796141578162025,1.0,,,,,,0.0
72.14,0.5465177018820488,-0.5613471280594063,-0.2736531346529475,0.7069261668667641,0.8631740632398913,1.0,,,,,,0.0
72.15,0.5346837926563115,-0.1028674929410607,0.630864953310192,0.7705529566371125,1.3558862422480908,1.0,,,,,,0.0
72.16,0.5226597239012808,-0.1028674929410607,0.630864953310192,0.8449905560771763,1.2177972506998298,1.0,,,,,,0.0
72.17,0.5121181951801844,0.0698157010396798,-0.4377862765084566,0.8317615290193334,0.7131077132525474,1.0,,,,,,0.0
72.18,0.5011752185639132,-0.4395126394711909,-0.7739548182626187,0.7540308686745544,3.069179923109273,1.0,,,,,,0.0
72.19,0.4890771988808242,-0.4395126394711909,-0.7739548182626187,0.7137610001389371,3.1396928065374463,1.0,,,,,,0.0
72.2,0.4705912276025894,0.0546219668676075,-0.0049043329214881,0.5813946397522716,3.887718000718088,1.0,,,,,,0.0
72.21,0.4468124827590271,0.1790485413993695,2.2995740113801504,0.50990637213295,1.148621293198669,1.0,,,,,,0.0
72.22,0.433967910849824,0.1790485413993695,2.2995740113801504,0.426665144024318,1.0652235670460324,1.0,,,,,,0.0
72.23,0.4362410215194306,0.1790485413993695,2.2995740113801504,0.5369721983238767,-0.6070867212289736,1.0,,,,,,0.0
72.24,0.4499712438289531,0.1790485413993695,2.2995740113801504,0.7486305743492052,-0.7565767270702612,1.0,,,,,,0.0
72.25,0.4568856556024198,0.1790485413993695,2.2995740113801504,0.8008719060473368,-0.7115676178704293,1.0,,,,,,0.0
72.26,0.4564595573978925,-0.5212440470704462,-0.7853362308394696,0.847607515501742,-0.6700408740479922,1.0,,,,,,0.0
72.27,0.4531687410992908,-0.5212440470704462,-0.7853362308394696,0.8318938344321622,-0.1135433057370719,1.0,,,,,,0.0
72.28,0.4500434340206292,-0.5212440470704462,-0.7853362308394696,0.7243706071565252,0.0453681876137502,1.0,,,,,,0.0
72.29,0.4598436927247586,-0.0434383262710619,-0.4437572684510329,0.779082586284778,0.0506481686139367,1.0,,,,,,0.0
72.3,0.4885155239748564,-0.6604989553266636,0.0603092093936741,0.7523141160359887,-0.4729277182549574,1.0,,,,,,0.0
72.31,0.5134052934756782,-0.6604989553266636,0.0603092093936741,0.576875813678058,-0.6773367608768601,1.0,,,,,,0.0
72.32,0.522374484607341,8.940970260856236,6.7634827730444265,0.4020232892766688,-0.6670803559552665,1.0,,,,,,0.0
72.33,0.5165077109813692,5.588450854423901,0.6416054875407405,0.4991468000530095,-0.5141446346726047,1.0,,,,,,0.0
72.34,0.5190079566442984,-0.6362587173182896,-0.579364164371727,0.6444651410987231,-0.1007664209763218,1.0,,,,,,0.0
72.35,0.5292977000627195,-0.0254302618980559,0.334395911759181,0.7026047578820791,0.5382962825493754,1.0,,,,,,0.0
72.36,0.5411615418069566,-0.2712806101628391,-0.3830217499126584,0.7075839083683095,0.6389760470112084,1.0,,,,,,0.0
72.37,0.5530429909150174,-0.6278859895047656,-0.3455394564242675,0.6746646560089544,0.4538365049898807,1.0,,,,,,0.0
72.38,0.5679441029187988,-0.6278859895047656,-0.3455394564242675,0.6580806740979056,-0.0303258016611281,1.0,,,,,,0.0
72.39,0.5896680684041653,-0.2018459544130365,-0.1869301940314417,0.5675018142927253,1.02421308537671,1.0,,,,,,0.0
72.4,0.6254427102206408,0.427315488351389,-0.3372206102085826,0.627458311845386,1.1172505414405065,1.0,,,,,,0.0
72.41,0.6749017952006976,-0.0186263969446211,0.1709730710495032,0.6398838532416289,1.5347849375553002,1.0,,,,,,0.0
72.42,0.7353707647795544,1.0620965116644785,0.5994448063441588,0.5977785546799727,1.1313535961687848,1.0,,,,,,0.0
72.43,0.7976092744226675,1.0620965116644785,0.5994448063441588,0.6552498303865067,1.761267997621094,1.0,,,,,,0.0
72.44,0.8608249927579821,3.1560481311067856,-0.2512982445921119,0.6985256249037186,1.1522615879308031,1.0,,,,,,0.0
72.45,0.9268719751961064,2.507600655845547,-0.5421889487913913,0.6695793204918271,0.6159320013693805,1.0,,,,,,0.0
72.46,1.0047916030603796,2.507600655845547,-0.5421889487913913,0.7206176003960533,0.791870815974056,1.0,,,,,,0.0
72.47,1.08537522507114,2.2289594784662032,-0.4603993644852908,0.6549165115996803,2.7834841109757478,1.0,,,,,,0.0
72.48,1.159054999726728,1.0778555727715309,-0.1153349504110172,0.7723463669183045,2.4019734150182543,1.0,,,,,,0.0
72.49,1.206506845230912,1.7493684209233409,-0.4180924836728279,0.643989863714441,1.3146351457814156,1.0,,,,,,0.0
72.5,1.233553516800106,1.7493684209233409,-0.4180924836728279,0.4964886915629947,-0.3489507845714322,1.0,,,,,,0.0
72.51,1.3034723585430057,1.7493684209233409,-0.4180924836728279,0.4284086416626443,-0.2022474645828489,1.0,,,,,,0.0
72.52,1.3897343553868269,2.661126547584708,-0.162440437290513,0.6609580802292703,-0.2305113375255253,1.0,,,,,,0.0
72.53,1.4815461933077985,1.2344363683923023,-0.4910930637615701,0.7118555372048202,-0.2588120197517702,1.0,,,,,,0.0
72.54,1.5182610683524456,1.2344363683923023,-0.4910930637615701,0.8344417073392992,1.1725003199915751,1.0,,,,,,0.0
72.55,1.53658857335627,0.4628932383903899,0.1102448918492753,0.7237802486692391,1.311409951411602,1.0,,,,,,0.0
72.56,1.5468431020470437,-0.4051526080627763,-0.51745831497249,0.799874978136937,0.9940732934261962,1.0,,,,,,0.0
72.57,1.5485052371919772,-0.5508973201817107,-0.2123113867836608,0.7735098595830524,-0.3612817352193403,1.0,,,,,,0.0
72.58,1.5419764266862437,-0.2189355958774128,0.1479783374890441,0.8058024120541724,-0.3858765511974838,1.0,,,,,,0.0
72.59,1.5307922291855915,0.3406461680612748,-0.4505876968905803,0.7614214225362345,-0.3764901838875099,1.0,,,,,,0.0
72.6,1.5189706451145304,0.3406461680612748,-0.4505876968905803,0.7363503985567569,-0.6292960247410452,1.0,,,,,,0.0
72.61,1.5056559565912415,-0.3686720490683182,0.4851603023938315,0.7162988413051872,-0.5599189706344146,1.0,,,,,,0.0
72.62,1.4869146785375669,-0.7243112726284648,0.1952115288522913,0.8135277989277181,-0.4500791123806479,1.0,,,,,,0.0
72.63,1.4529976136044649,0.1978947525956718,1.6636761399441409,0.6665022259333748,-0.4483218276222337,1.0,,,,,,0.0
72.64,1.4091552776840868,0.3931794832276258,2.8049769827013598,0.5956287336801017,-0.6091785561642368,1.0,,,,,,0.0
72.65,1.3665630645951734,0.5046503801143599,1.529634871636887,0.6805716478881562,-0.7279160070268782,1.0,,,,,,0.0
72.66,1.318572433757992,1.017555164486185,3.912582924027377,0.5098891478231253,-0.7256575742302691,1.0,,,,,,0.0
72.67,1.298644419382617,4.079173045960978,5.613906092593062,0.4524563712882213,-0.7594976951015943,1.0,,,,,,0.0
72.68,,,,,,0.0,,,,,,0.0
72.69,,,,,,0.0,,,,,,0.0
72.7,,,,,,0.0,,,,,,0.0
72.71,,,,,,0.0,,,,,,0.0
72.72,,,,,,0.0,,,,,,0.0
72.73,,,,,,0.0,,,,,,0.0
72.74,,,,,,0.0,,,,,,0.0
72.75,,,,,,0.0,,,,,,0.0
72.76,,,,,,0.0,,,,,,0.0
72.77,,,,,,0.0,,,,,,0.0
72.78,,,,,,0.0,,,,,,0.0
72.79,,,,,,0.0,,,,,,0.0
72.8,,,,,,0.0,,,,,,0.0
72.81,,,,,,0.0,,,,,,0.0
72.82,,,,,,0.0,,,,,,0.0
72.83,,,,,,0.0,,,,,,0.0
72.84,,,,,,0.0,,,,,,0.0
72.85,,,,,,0.0,,,,,,0.0
72.86,,,,,,0.0,,,,,,0.0
72.87,,,,,,0.0,,,,,,0.0
72.88,,,,,,0.0,,,,,,0.0
72.89,,,,,,0.0,,,,,,0.0
72.9,,,,,,0.0,,,,,,0.0
72.91,,,,,,0.0,,,,,,0.0
72.92,,,,,,0.0,,,,,,0.0
72.93,,,,,,0.0,,,,,,0.0
72.94,,,,,,0.0,,,,,,0.0
72.95,,,,,,0.0,,,,,,0.0
72.96,,,,,,0.0,,,,,,0.0
72.97,,,,,,0.0,,,,,,0.0
72.98,,,,,,0.0,,,,,,0.0
72.99,,,,,,0.0,,,,,,0.0
73.0,,,,,,0.0,,,,,,0.0
73.01,,,,,,0.0,,,,,,0.0
73.02,,,,,,0.0,,,,,,0.0
73.03,,,,,,0.0,,,,,,0.0
73.04,,,,,,0.0,,,,,,0.0
73.05,,,,,,0.0,,,,,,0.0
73.06,,,,,,0.0,,,,,,0.0
73.07,,,,,,0.0,,,,,,0.0
73.08,,,,,,0.0,,,,,,0.0
73.09,,,,,,0.0,,,,,,0.0
73.1,,,,,,0.0,,,,,,0.0
73.11,,,,,,0.0,,,,,,0.0
73.12,,,,,,0.0,,,,,,0.0
73.13,,,,,,0.0,,,,,,0.0
73.14,,,,,,0.0,,,,,,0.0
73.15,,,,,,0.0,,,,,,0.0
73.16,,,,,,0.0,,,,,,0.0
73.17,,,,,,0.0,,,,,,0.0
73.18,,,,,,0.0,,,,,,0.0
73.19,,,,,,0.0,,,,,,0.0
73.2,,,,,,0.0,,,,,,0.0
73.21,,,,,,0.0,,,,,,0.0
73.22,,,,,,0.0,,,,,,0.0
73.23,,,,,,0.0,,,,,,0.0
73.24,,,,,,0.0,,,,,,0.0
73.25,,,,,,0.0,,,,,,0.0
73.26,,,,,,0.0,,,,,,0.0
73.27,,,,,,0.0,,,,,,0.0
73.28,,,,,,0.0,,,,,,0.0
73.29,,,,,,0.0,,,,,,0.0
73.3,,,,,,0.0,,,,,,0.0
73.31,,,,,,0.0,,,,,,0.0
73.32,,,,,,0.0,,,,,,0.0
73.33,,,,,,0.0,,,,,,0.0
73.34,,,,,,0.0,,,,,,0.0
73.35,,,,,,0.0,,,,,,0.0
73.36,,,,,,0.0,,,,,,0.0
73.37,,,,,,0.0,,,,,,0.0
73.38,,,,,,0.0,,,,,,0.0
73.39,,,,,,0.0,,,,,,0.0
73.4,,,,,,0.0,,,,,,0.0
73.41,,,,,,0.0,,,,,,0.0
73.42,,,,,,0.0,,,,,,0.0
73.43,,,,,,0.0,,,,,,0.0
73.44,-1.5587701401779104,-0.7534956604231224,-0.7853362308394696,-1.5821090868539809,-0.7642116505061898,1.0,,,,,,0.0
73.45,-1.5587701401779104,-0.7534956604231224,-0.7853362308394696,-1.5821090868539809,-0.7595120204461518,1.0,,,,,,0.0
73.46,-1.5587701401779104,-0.7534956604231224,-0.7853362308394696,-1.5821090868539809,-0.593579387308578,1.0,,,,,,0.0
73.47,-1.5587701401779104,-0.7534956604231224,-0.7853362308394696,-1.5821090868539809,-0.5876479935325121,1.0,,,,,,0.0
73.48,-1.5587701401779104,-0.7534956604231224,-0.7853362308394696,-1.5821090868539809,-0.4954251221336607,1.0,,,,,,0.0
73.49,-1.5587701401779104,-0.7534956604231224,-0.7853362308394696,-1.5821090868539809,-0.6276686082341822,1.0,,,,,,0.0
73.5,-1.5587701401779104,-0.7534956604231224,-0.7853362308394696,-1.5821090868539809,-0.6379476405075799,1.0,,,,,,0.0
73.51,-1.5587701401779104,-0.7534956604231224,-0.7853362308394696,-1.5821090868539809,-0.7341056155369641,1.0,,,,,,0.0
73.52,-1.5587701401779104,-0.7534956604231224,-0.7853362308394696,-1.5821090868539809,-0.7673656356437908,1.0,,,,,,0.0
73.53,-1.5587701401779104,-0.7534956604231224,-0.7853362308394696,-1.5821090868539809,-0.7685849320076699,1.0,,,,,,0.0
73.54,-1.5587701401779104,-0.7534956604231224,-0.7853362308394696,-1.5821090868539809,-0.769334644692383,1.0,,,,,,0.0
73.55,-1.5587701401779104,-0.7534956604231224,-0.7853362308394696,-1.5821090868539809,-0.7697671345649661,1.0,,,,,,0.0
73.56,-1.5587701401779104,-0.7534956604231224,-0.7853362308394696,-1.5821090868539809,-0.7697689707347283,1.0,,,,,,0.0
73.57,-1.5587701401779104,-0.7534956604231224,-0.7853362308394696,-1.5821090868539809,-0.7697135943067461,1.0,,,,,,0.0
73.58,-1.5587701401779104,-0.7534956604231224,-0.7853362308394696,-1.5821090868539809,-0.7696800713751362,1.0,,,,,,0.0
73.59,-1.5587701401779104,-0.7534956604231224,-0.7853362308394696,-1.5821090868539809,-0.7672819279866574,1.0,,,,,,0.0
73.6,-1.5587701401779104,-0.7534956604231224,-0.7853362308394696,-1.5821090868539809,-0.7650625353392878,1.0,,,,,,0.0
73.61,0.8243284490247453,-0.7534956604231224,-0.7853362308394696,0.427400830259773,-0.5271427735036357,1.0,,,,,,0.0
73.62,0.8277266702426704,-0.7534956604231224,-0.7853362308394696,0.4798917062444189,3.631439339405278,1.0,,,,,,0.0
73.63,0.8277865352796702,-0.7534956604231224,1.3809310735802856,0.6049120688411926,3.79082672420795,1.0,,,,,,0.0
73.64,0.8232367924676915,-0.5161104508142821,-0.247498522446836,0.5899072343682424,7.920925542600707,1.0,,,,,,0.0
73.65,0.8125825766181252,-0.5161104508142821,-0.247498522446836,0.5825486685105226,10.189707962446956,1.0,,,,,,0.0
73.66,0.8023245264545864,-0.5161104508142821,-0.247498522446836,0.6330713547887891,12.760111388365424,1.0,,,,,,0.0
73.67,0.7934345684601287,-0.5161104508142821,-0.247498522446836,0.6755518026039883,8.563351116777616,1.0,,,,,,0.0
73.68,0.7864057088218098,0.4575547938572756,0.2254057127743107,0.6512554940103599,10.113006020257735,1.0,,,,,,0.0
73.69,0.7835409907277353,0.4575547938572756,0.2254057127743107,0.688087693149987,8.04884178669003,1.0,,,,,,0.0
73.7,0.779757168242077,0.4575547938572756,0.2254057127743107,0.6675913322930558,7.877973411060032,1.0,,,,,,0.0
73.71,0.7701505905400053,-0.1404925377313877,-0.1649932058846756,0.5298843001919725,4.325210677209322,1.0,,,,,,0.0
73.72,0.7569538713543331,0.191325012081386,2.20716146904061,0.4735863217573173,3.830820568521571,1.0,,,,,,0.0
73.73,0.7619737307803973,0.191325012081386,2.20716146904061,0.3596196694544126,3.837278127900854,1.0,,,,,,0.0
73.74,0.7725522349655234,1.2093742763813342,0.1075485658009646,0.3816125199900971,0.4651947982053114,1.0,,,,,,0.0
73.75,0.7820478862755071,-0.4163077593033595,0.2311224700434875,0.7774260240915335,0.611643958854969,1.0,,,,,,0.0
73.76,0.7676556270862229,-0.4163077593033595,0.2311224700434875,0.6969317137714848,0.7016283159007008,1.0,,,,,,0.0
73.77,0.7519709873922984,0.7957547167462632,0.7080179841355374,0.630185620419707,1.342292302935403,1.0,,,,,,0.0
73.78,0.7466183487899711,0.7957547167462632,0.7080179841355374,0.7099033225726077,1.396908674983507,1.0,,,,,,0.0
73.79,0.7616215835039287,0.7957547167462632,0.7080179841355374,0.7099951224656291,1.3292704213197324,1.0,,,,,,0.0
73.8,0.7896824392293527,-0.0792843138425566,0.2667826994435949,0.6493683910548471,-0.0541049175414911,1.0,,,,,,0.0
73.81,0.8334420205397602,-0.0792843138425566,0.2667826994435949,0.7066534170815191,0.6819449100444147,1.0,,,,,,0.0
73.82,0.8981948617368616,0.8549553596342292,0.4765568366448202,0.6972733607960283,0.7910151196417486,1.0,,,,,,0.0
73.83,0.9780037597393906,3.600279524804417,1.3505755710058034,0.5256622622255065,1.9098093915748848,1.0,,,,,,0.0
73.84,1.0511095343343335,3.600279524804417,1.3505755710058034,0.4498624470120695,0.8380664668525553,1.0,,,,,,0.0
73.85,1.110567841229725,3.027862667065584,-0.6274224441294188,0.5577621295603464,2.5579531525087496,1.0,,,,,,0.0
73.86,1.161174926331071,0.5913663725471098,-0.0656201820336297,0.6964299374490108,1.13788365868237,1.0,,,,,,0.0
73.87,1.2061846304729429,0.5913663725471098,-0.0656201820336297,0.7789729942475421,4.926142946646724,1.0,,,,,,0.0
73.88,1.2371190079743533,0.5913663725471098,-0.0656201820336297,0.6295581634189524,3.069649201637886,1.0,,,,,,0.0
73.89,1.2531522734719824,0.5913663725471098,-0.0656201820336297,0.6957812812977026,4.345658951295603,1.0,,,,,,0.0
73.9,1.2570875192865223,1.08655610874324,1.1878903337798623,0.664743832106222,0.8521225140541986,1.0,,,,,,0.0
73.91,1.250488279325495,-0.5289583582390421,-0.610442738540416,0.7125034362436085,1.2083152748611063,1.0,,,,,,0.0
73.92,1.232171338739965,-0.638484808805131,-0.2482841252020518,0.7438545192964016,4.549091591817652,1.0,,,,,,0.0
73.93,1.1914278988525135,-0.0292720581045046,-0.2571773480210924,0.7007044054574706,4.226490887586851,1.0,,,,,,0.0
73.94,1.1032308527244958,-0.0292720581045046,-0.2571773480210924,0.5537076027388783,3.938749849675827,1.0,,,,,,0.0
73.95,0.9643369239396324,9.107776498636287,13.80730393707281,0.4081967847628276,-0.6735332942556604,1.0,,,,,,0.0
73.96,0.8284520936321964,1.5705258618497442,2.212497167873214,0.5128867455670024,-0.6517541494491872,1.0,,,,,,0.0
73.97,0.7567232148882463,1.5705258618497442,2.212497167873214,0.6355526017941868,-0.7126679445582967,1.0,,,,,,0.0
73.98,-1.5587701401779104,-0.7534956604231224,-0.7853362308394696,-1.5821090868539809,-0.7194428525466318,1.0,,,,,,0.0
73.99,-1.5587701401779104,-0.7534956604231224,-0.7853362308394696,-1.5821090868539809,-0.7472712047387223,1.0,,,,,,0.0
74.0,-1.5587701401779104,-0.7534956604231224,-0.7853362308394696,-1.5821090868539809,-0.7564560691069795,1.0,,,,,,0.0
74.01,-1.5587701401779104,-0.7534956604231224,-0.7853362308394696,-1.5821090868539809,-0.7621072940406113,1.0,,,,,,0.0
74.02,-1.5587701401779104,-0.7534956604231224,-0.7853362308394696,-1.5821090868539809,-0.7656082242040759,1.0,,,,,,0.0
74.03,-1.5587701401779104,-0.7534956604231224,-0.7853362308394696,-1.5821090868539809,-0.7186639378302876,1.0,,,,,,0.0
74.04,0.9206618579755776,-0.7534956604231224,-0.7853362308394696,0.4869724685908244,-0.5627600577399775,1.0,,,,,,0.0
74.05,0.9035193285570714,-0.7534956604231224,-0.7853362308394696,0.5755824762161705,0.0199139306359233,1.0,,,,,,0.0
74.06,0.8622617536459753,-0.7534956604231224,-0.7853362308394696,0.5688494745779059,3.697573352216727,1.0,,,,,,0.0
74.07,0.8135950000379734,-0.7534956604231224,-0.7853362308394696,0.5678322939076025,3.7083062063065886,1.0,,,,,,0.0
74.08,0.7644141114063272,-0.7534956604231224,-0.7853362308394696,0.6211352866365737,6.318012704918464,1.0,,,,,,0.0
74.09,0.7279175676730905,-0.7534956604231224,-0.7853362308394696,0.6272315566457164,3.1011577890249944,1.0,,,,,,0.0
74.1,0.7051406818310817,-0.7534956604231224,-0.7853362308394696,0.5713931833661843,2.9439375308739755,1.0,,,,,,0.0
74.11,0.6929863185837579,-0.7534956604231224,0.6917877717580687,0.4403269176706452,3.1175562451809986,1.0,,,,,,0.0
74.12,0.6865561093154359,-0.7534956604231224,0.6917877717580687,0.5362701657399251,3.5508588778997905,1.0,,,,,,0.0
74.13,0.6835857470384207,-0.7534956604231224,0.6917877717580687,0.5765002858682549,3.873194268463312,1.0,,,,,,0.0
74.14,0.6820820781678983,-0.5941319322246449,-0.5355243893939581,0.6505396441229225,1.481800284397853,1.0,,,,,,0.0
74.15,0.6819993235579281,-0.6273495992982195,-0.2716676968975197,0.6831350416019485,5.192507511004859,1.0,,,,,,0.0
74.16,0.6870403118205803,-0.6694586659493509,-0.366873884909195,0.6995450769115814,6.524508802049193,1.0,,,,,,0.0
74.17,0.6984023436958493,-0.6193258093947283,-0.5139035799345488,0.619000797165228,7.090062728898354,1.0,,,,,,0.0
74.18,0.7118702162844025,-0.6193258093947283,-0.5139035799345488,0.5675652224662556,2.6314864687076653,1.0,,,,,,0.0
74.19,0.7270389602183004,-0.6193258093947283,-0.5139035799345488,0.4744333792444297,1.689928100419238,1.0,,,,,,0.0
74.2,0.7472310850510269,0.8999540938103525,0.3594375867287368,0.5121271724315488,0.151599620644966,1.0,,,,,,0.0
74.21,0.7768308243746204,0.0113181951951311,0.5172687324912564,0.5131155828261013,0.3628139986694784,1.0,,,,,,0.0
74.22,0.8156356935051108,0.4587419634490459,2.2083078736591144,0.5393889014869645,2.083247246415024,1.0,,,,,,0.0
74.23,0.8652391588685197,0.1510172525323581,0.8236624674444358,0.5736257189088395,3.4739848403588227,1.0,,,,,,0.0
74.24,0.9154271887108671,0.2047267056931292,0.7960342629252429,0.4574401212330092,3.0817245588189364,1.0,,,,,,0.0
74.25,0.9475976031526836,0.2047267056931292,0.7960342629252429,0.5692409017506241,0.8597233920897771,1.0,,,,,,0.0
74.26,0.9508496832508736,1.2266081771956754,-0.1271733028415395,0.5527990677151611,-0.2887941373036214,1.0,,,,,,0.0
74.27,0.9282770428292176,1.2266081771956754,-0.1271733028415395,0.6836716451003314,0.5755254469066585,1.0,,,,,,0.0
74.28,0.8845121793096627,0.6753651976940495,1.9509481100768404,0.6464868208046239,0.3526436414237592,1.0,,,,,,0.0
74.29,0.8326338425402643,2.832430282746019,6.833087588159484,0.4052181905431966,0.2488709410568825,1.0,,,,,,0.0
74.3,0.8011413116056506,2.832430282746019,6.833087588159484,0.5953637442981843,-0.5498918668342717,1.0,,,,,,0.0
74.31,-1.5587701401779104,-0.7534956604231224,-0.7853362308394696,-1.5821090868539809,-0.5492568668558278,1.0,,,,,,0.0
74.32,-1.5587701401779104,-0.7534956604231224,-0.7853362308394696,-1.5821090868539809,-0.6765532489837587,1.0,,,,,,0.0
74.33,-1.5587701401779104,-0.7534956604231224,-0.7853362308394696,-1.5821090868539809,-0.7519383430370025,1.0,,,,,,0.0
74.34,-1.5587701401779104,-0.7534956604231224,-0.7853362308394696,-1.5821090868539809,-0.7471578847300221,1.0,,,,,,0.0
74.35,-1.5587701401779104,-0.7534956604231224,-0.7853362308394696,-1.5821090868539809,-0.7573409499426875,1.0,,,,,,0.0
74.36,0.7826007574995631,-0.7534956604231224,-0.7853362308394696,0.491655398803697,-0.7378541391236425,1.0,,,,,,0.0
74.37,0.7536806624195551,-0.7534956604231224,-0.7853362308394696,0.5099817048286666,0.2848125772270067,1.0,,,,,,0.0
74.38,0.6939247910755475,-0.7534956604231224,-0.7853362308394696,0.5489126198730806,1.3700036382556815,1.0,,,,,,0.0
74.39,0.6472811235708594,-0.7534956604231224,-0.7853362308394696,0.5760180051931649,1.9401770505189184,1.0,,,,,,0.0
74.4,0.6043719779331241,-0.7534956604231224,-0.7853362308394696,0.681189073148024,2.334706441141124,1.0,,,,,,0.0
74.41,0.5693350846608511,-0.7534956604231224,0.5034014934234782,0.5929894394362032,2.1847787235204663,1.0,,,,,,0.0
74.42,0.5471955853892514,-0.7534956604231224,0.5034014934234782,0.4523604072763412,1.8493027374180773,1.0,,,,,,0.0
74.43,0.5403463208619314,4.047378285228705,-0.481915368195966,0.4684257292557254,0.4808212154916638,1.0,,,,,,0.0
74.44,0.5499071194180619,3.68586435421656,-0.6242540518515166,0.7279167329209716,-0.458650496656807,1.0,,,,,,0.0
74.45,0.5586262859834318,-0.0587753014918054,-0.1511363886770658,0.745308743168739,-0.4184599377952848,1.0,,,,,,0.0
74.46,0.555289690538889,-0.0587753014918054,-0.1511363886770658,0.6196098941873783,0.2002396629084919,1.0,,,,,,0.0
74.47,0.5371329769641526,-0.0587753014918054,-0.1511363886770658,0.3824397600570046,1.1441866509401752,1.0,,,,,,0.0
74.48,0.5128612259335337,-0.0587753014918054,-0.1511363886770658,0.6066023225415667,2.035164920569203,1.0,,,,,,0.0
74.49,0.4928011563294828,0.6307797241263551,1.1098511512666922,0.7138972803924946,1.4120140257881753,1.0,,,,,,0.0
74.5,0.4782433879202586,0.6307797241263551,1.1098511512666922,0.6827591352358853,0.5022335422428352,1.0,,,,,,0.0
74.51,0.4685206016169523,0.6814639738599204,0.4725276867890804,0.672696731291957,-0.6848350190915811,1.0,,,,,,0.0
74.52,0.4696052152284766,-0.2930578319166644,1.2530020060815497,0.6294877519546144,-0.1254856873893876,1.0,,,,,,0.0
74.53,0.484849670826815,-0.2930578319166644,1.2530020060815497,0.5441965659874684,0.888199595640051,1.0,,,,,,0.0
74.54,0.5102500538785167,-0.2930578319166644,1.2530020060815497,0.6564424718832655,0.9242599457333724,1.0,,,,,,0.0
74.55,0.535815946150159,-0.2930578319166644,1.2530020060815497,0.6341570541421312,0.3169139374923627,1.0,,,,,,0.0
74.56,0.5541469726267475,-0.2930578319166644,1.2530020060815497,0.7270417001262539,-0.5697480851062724,1.0,,,,,,0.0
74.57,0.5640247037317,-0.2930578319166644,1.2530020060815497,0.8199812367680597,-0.3965208080507043,1.0,,,,,,0.0
74.58,0.5651815075349005,-0.2930578319166644,1.2530020060815497,0.6625542626990634,-0.3218951644108266,1.0,,,,,,0.0
74.59,0.5598887339695728,2.908405742281673,-0.0182482771794112,0.6898120169137505,-0.2963734237464575,1.0,,,,,,0.0
74.6,0.5507945305547635,-0.5148151715684792,1.246119174767635,0.6804652735791292,-0.4111507454461659,1.0,,,,,,0.0
74.61,0.5344584183993714,-0.6403406629132095,0.9504201765749692,0.6900484252980469,0.0677238518485824,1.0,,,,,,0.0
74.62,0.5101250415953704,-0.6468944500405579,-0.4511252300164399,0.6732823578259948,-0.1172021644585381,1.0,,,,,,0.0
74.63,0.4829287074336773,1.927160432495428,1.261500959655353,0.5826277867688379,0.2363900443663858,1.0,,,,,,0.0
74.64,0.4581621894796197,-0.0574626262655655,0.4582504722924315,0.6802290544729628,-0.312819923188158,1.0,,,,,,0.0
74.65,0.4326279904628599,-0.0574626262655655,0.4582504722924315,0.7606436787003065,0.4100302705923774,1.0,,,,,,0.0
74.66,0.4008854349619533,-0.0574626262655655,0.4582504722924315,0.6977764620654118,0.3313962393846806,1.0,,,,,,0.0
74.67,0.3665369896151768,2.428990341712004,-0.747167591804958,0.7541419749368299,0.5247190747292187,1.0,,,,,,0.0
74.68,0.3370305693198479,2.428990341712004,-0.747167591804958,0.6874117809479674,-0.1585640871447886,1.0,,,,,,0.0
74.69,0.3102885051447997,2.359903690429381,1.1984501735052409,0.6319044551177022,-0.3623585262743805,1.0,,,,,,0.0
74.7,0.2850694779404796,2.359903690429381,1.1984501735052409,0.6028809252287948,-0.5240296004600068,1.0,,,,,,0.0
74.71,0.264218837700756,1.4327768514902786,1.4618414051764197,0.5751263159230124,-0.5634597528228753,1.0,,,,,,0.0
74.72,0.2550383582032118,0.1072515115062294,4.267028920480968,0.5059866113399999,-0.6869327498861172,1.0,,,,,,0.0
74.73,-1.5587701401779104,-0.7534956604231224,-0.7853362308394696,-1.5821090868539809,-0.7160883715438168,1.0,,,,,,0.0
74.74,-1.5587701401779104,-0.7534956604231224,-0.7853362308394696,-1.5821090868539809,-0.7176748277634879,1.0,,,,,,0.0
74.75,-1.5587701401779104,-0.7534956604231224,-0.7853362308394696,-1.5821090868539809,-0.7599518037436442,1.0,,,,,,0.0
74.76,-1.5587701401779104,-0.7534956604231224,-0.7853362308394696,-1.5821090868539809,-0.7677151860020629,1.0,,,,,,0.0
74.77,-1.5587701401779104,-0.7534956604231224,-0.7853362308394696,-1.5821090868539809,-0.7656664880414958,1.0,,,,,,0.0
74.78,-1.5587701401779104,-0.7534956604231224,-0.7853362308394696,-1.5821090868539809,-0.7644621488352019,1.0,,,,,,0.0
74.79,-1.5587701401779104,-0.7534956604231224,-0.7853362308394696,-1.5821090868539809,-0.762533278637192,1.0,,,,,,0.0
74.8,-1.5587701401779104,-0.7534956604231224,-0.7853362308394696,-1.5821090868539809,-0.76482283519686,1.0,,,,,,0.0
74.81,-1.5587701401779104,-0.7534956604231224,-0.7853362308394696,-1.5821090868539809,-0.7658091407468164,1.0,,,,,,0.0
74.82,-1.5587701401779104,-0.7534956604231224,-0.7853362308394696,-1.5821090868539809,-0.7686789621989573,1.0,,,,,,0.0
74.83,-1.5587701401779104,-0.7534956604231224,-0.7853362308394696,-1.5821090868539809,-0.7682034659290258,1.0,,,,,,0.0
74.84,-1.5587701401779104,-0.7534956604231224,-0.7853362308394696,-1.5821090868539809,-0.7681773663941526,1.0,,,,,,0.0
74.85,-1.5587701401779104,-0.7534956604231224,-0.7853362308394696,-1.5821090868539809,-0.7658808949476428,1.0,,,,,,0.0
74.86,-1.5587701401779104,-0.7534956604231224,-0.7853362308394696,-1.5821090868539809,-0.7661478498946661,1.0,,,,,,0.0
74.87,-1.5587701401779104,-0.7534956604231224,-0.7853362308394696,-1.5821090868539809,-0.7669452130733699,1.0,,,,,,0.0
74.88,-1.5587701401779104,-0.7534956604231224,-0.7853362308394696,-1.5821090868539809,-0.7689458183505006,1.0,,,,,,0.0
74.89,,,,,,0.0,,,,,,0.0
74.9,,,,,,0.0,,,,,,0.0
74.91,,,,,,0.0,,,,,,0.0
74.92,,,,,,0.0,,,,,,0.0
74.93,,,,,,0.0,,,,,,0.0
74.94,,,,,,0.0,,,,,,0.0
74.95,,,,,,0.0,,,,,,0.0
74.96,,,,,,0.0,,,,,,0.0
74.97,,,,,,0.0,,,,,,0.0
74.98,,,,,,0.0,,,,,,0.0
74.99,,,,,,0.0,,,,,,0.0
75.0,,,,,,0.0,,,,,,0.0
75.01,,,,,,0.0,,,,,,0.0
75.02,,,,,,0.0,,,,,,0.0
75.03,,,,,,0.0,,,,,,0.0
75.04,,,,,,0.0,,,,,,0.0
75.05,,,,,,0.0,,,,,,0.0
75.06,,,,,,0.0,,,,,,0.0
75.07,,,,,,0.0,,,,,,0.0
75.08,,,,,,0.0,,,,,,0.0
75.09,,,,,,0.0,,,,,,0.0
75.1,,,,,,0.0,,,,,,0.0
75.11,,,,,,0.0,,,,,,0.0
75.12,,,,,,0.0,,,,,,0.0
75.13,,,,,,0.0,,,,,,0.0
75.14,,,,,,0.0,,,,,,0.0
75.15,,,,,,0.0,,,,,,0.0
75.16,,,,,,0.0,,,,,,0.0
75.17,,,,,,0.0,,,,,,0.0
75.18,,,,,,0.0,,,,,,0.0
75.19,,,,,,0.0,,,,,,0.0
75.2,,,,,,0.0,,,,,,0.0
75.21,,,,,,0.0,,,,,,0.0
75.22,,,,,,0.0,,,,,,0.0
75.23,,,,,,0.0,,,,,,0.0
75.24,,,,,,0.0,,,,,,0.0
75.25,,,,,,0.0,,,,,,0.0
75.26,,,,,,0.0,,,,,,0.0
75.27,,,,,,0.0,,,,,,0.0
75.28,,,,,,0.0,,,,,,0.0
75.29,,,,,,0.0,,,,,,0.0
75.3,,,,,,0.0,,,,,,0.0
75.31,,,,,,0.0,,,,,,0.0
75.32,,,,,,0.0,,,,,,0.0
75.33,,,,,,0.0,,,,,,0.0
75.34,,,,,,0.0,,,,,,0.0
75.35,,,,,,0.0,,,,,,0.0
75.36,,,,,,0.0,,,,,,0.0
75.37,,,,,,0.0,,,,,,0.0
75.38,,,,,,0.0,,,,,,0.0
75.39,,,,,,0.0,,,,,,0.0
75.4,,,,,,0.0,,,,,,0.0
75.41,,,,,,0.0,,,,,,0.0
75.42,,,,,,0.0,,,,,,0.0
75.43,,,,,,0.0,,,,,,0.0
75.44,,,,,,0.0,,,,,,0.0
75.45,,,,,,0.0,,,,,,0.0
75.46,,,,,,0.0,,,,,,0.0
75.47,,,,,,0.0,,,,,,0.0
75.48,,,,,,0.0,,,,,,0.0
75.49,,,,,,0.0,,,,,,0.0
75.5,,,,,,0.0,,,,,,0.0
75.51,,,,,,0.0,,,,,,0.0
75.52,,,,,,0.0,,,,,,0.0
75.53,,,,,,0.0,,,,,,0.0
75.54,,,,,,0.0,,,,,,0.0
75.55,,,,,,0.0,,,,,,0.0
75.56,,,,,,0.0,,,,,,0.0
75.57,,,,,,0.0,,,,,,0.0
75.58,,,,,,0.0,,,,,,0.0
75.59,,,,,,0.0,,,,,,0.0
75.6,,,,,,0.0,,,,,,0.0
75.61,,,,,,0.0,,,,,,0.0
75.62,,,,,,0.0,,,,,,0.0
75.63,,,,,,0.0,,,,,,0.0
75.64,,,,,,0.0,,,,,,0.0
75.65,,,,,,0.0,,,,,,0.0
75.66,,,,,,0.0,,,,,,0.0
75.67,,,,,,0.0,,,,,,0.0
75.68,,,,,,0.0,,,,,,0.0
75.69,,,,,,0.0,,,,,,0.0
75.7,,,,,,0.0,,,,,,0.0
75.71,,,,,,0.0,,,,,,0.0
75.72,,,,,,0.0,,,,,,0.0
75.73,,,,,,0.0,,,,,,0.0
75.74,,,,,,0.0,,,,,,0.0
75.75,,,,,,0.0,,,,,,0.0
75.76,,,,,,0.0,,,,,,0.0
75.77,,,,,,0.0,,,,,,0.0
75.78,,,,,,0.0,,,,,,0.0
75.79,,,,,,0.0,,,,,,0.0
75.8,,,,,,0.0,,,,,,0.0
75.81,,,,,,0.0,,,,,,0.0
75.82,,,,,,0.0,,,,,,0.0
75.83,,,,,,0.0,,,,,,0.0
75.84,,,,,,0.0,,,,,,0.0
75.85,,,,,,0.0,,,,,,0.0
75.86,,,,,,0.0,,,,,,0.0
75.87,,,,,,0.0,,,,,,0.0
75.88,,,,,,0.0,,,,,,0.0
75.89,,,,,,0.0,,,,,,0.0
75.9,,,,,,0.0,,,,,,0.0
75.91,,,,,,0.0,,,,,,0.0
75.92,,,,,,0.0,,,,,,0.0
75.93,,,,,,0.0,,,,,,0.0
75.94,,,,,,0.0,,,,,,0.0
75.95,,,,,,0.0,,,,,,0.0
75.96,,,,,,0.0,,,,,,0.0
75.97,,,,,,0.0,,,,,,0.0
75.98,,,,,,0.0,,,,,,0.0
75.99,,,,,,0.0,,,,,,0.0
76.0,,,,,,0.0,,,,,,0.0
76.01,,,,,,0.0,,,,,,0.0
76.02,,,,,,0.0,,,,,,0.0
76.03,,,,,,0.0,,,,,,0.0
76.04,,,,,,0.0,,,,,,0.0
76.05,,,,,,0.0,,,,,,0.0
76.06,,,,,,0.0,,,,,,0.0
76.07,,,,,,0.0,,,,,,0.0
76.08,,,,,,0.0,,,,,,0.0
76.09,,,,,,0.0,,,,,,0.0
76.1,,,,,,0.0,,,,,,0.0
76.11,,,,,,0.0,,,,,,0.0
76.12,,,,,,0.0,,,,,,0.0
76.13,,,,,,0.0,,,,,,0.0
76.14,,,,,,0.0,,,,,,0.0
76.15,,,,,,0.0,,,,,,0.0
76.16,,,,,,0.0,,,,,,0.0
76.17,,,,,,0.0,,,,,,0.0
76.18,,,,,,0.0,,,,,,0.0
76.19,,,,,,0.0,,,,,,0.0
76.2,,,,,,0.0,,,,,,0.0
76.21,,,,,,0.0,,,,,,0.0
76.22,,,,,,0.0,,,,,,0.0
76.23,,,,,,0.0,,,,,,0.0
76.24,,,,,,0.0,,,,,,0.0
76.25,,,,,,0.0,,,,,,0.0
76.26,,,,,,0.0,,,,,,0.0
76.27,,,,,,0.0,,,,,,0.0
76.28,,,,,,0.0,,,,,,0.0
76.29,,,,,,0.0,,,,,,0.0
76.3,,,,,,0.0,,,,,,0.0
76.31,,,,,,0.0,,,,,,0.0
76.32,,,,,,0.0,,,,,,0.0
76.33,,,,,,0.0,,,,,,0.0
76.34,,,,,,0.0,,,,,,0.0
76.35,,,,,,0.0,,,,,,0.0
76.36,,,,,,0.0,,,,,,0.0
76.37,,,,,,0.0,,,,,,0.0
76.38,,,,,,0.0,,,,,,0.0
76.39,,,,,,0.0,,,,,,0.0
76.4,,,,,,0.0,,,,,,0.0
76.41,,,,,,0.0,,,,,,0.0
76.42,,,,,,0.0,,,,,,0.0
76.43,,,,,,0.0,,,,,,0.0
76.44,,,,,,0.0,,,,,,0.0
76.45,,,,,,0.0,,,,,,0.0
76.46,,,,,,0.0,,,,,,0.0
76.47,,,,,,0.0,,,,,,0.0
76.48,,,,,,0.0,,,,,,0.0
76.49,,,,,,0.0,,,,,,0.0
76.5,,,,,,0.0,,,,,,0.0
76.51,,,,,,0.0,,,,,,0.0
76.52,,,,,,0.0,,,,,,0.0
76.53,,,,,,0.0,,,,,,0.0
76.54,,,,,,0.0,,,,,,0.0
76.55,,,,,,0.0,,,,,,0.0
76.56,,,,,,0.0,,,,,,0.0
76.57,,,,,,0.0,,,,,,0.0
76.58,,,,,,0.0,,,,,,0.0
76.59,,,,,,0.0,,,,,,0.0
76.6,,,,,,0.0,,,,,,0.0
76.61,,,,,,0.0,,,,,,0.0
76.62,,,,,,0.0,,,,,,0.0
76.63,,,,,,0.0,,,,,,0.0
76.64,,,,,,0.0,,,,,,0.0
76.65,,,,,,0.0,,,,,,0.0
76.66,,,,,,0.0,,,,,,0.0
76.67,,,,,,0.0,,,,,,0.0
76.68,,,,,,0.0,,,,,,0.0
76.69,,,,,,0.0,,,,,,0.0
76.7,,,,,,0.0,,,,,,0.0
76.71,,,,,,0.0,,,,,,0.0
76.72,,,,,,0.0,,,,,,0.0
76.73,,,,,,0.0,,,,,,0.0
76.74,,,,,,0.0,,,,,,0.0
76.75,,,,,,0.0,,,,,,0.0
76.76,,,,,,0.0,,,,,,0.0
76.77,,,,,,0.0,,,,,,0.0
76.78,,,,,,0.0,,,,,,0.0
76.79,,,,,,0.0,,,,,,0.0
76.8,,,,,,0.0,,,,,,0.0
76.81,,,,,,0.0,,,,,,0.0
76.82,,,,,,0.0,,,,,,0.0
76.83,,,,,,0.0,,,,,,0.0
76.84,,,,,,0.0,,,,,,0.0
76.85,,,,,,0.0,,,,,,0.0
76.86,,,,,,0.0,,,,,,0.0
76.87,,,,,,0.0,,,,,,0.0
76.88,,,,,,0.0,,,,,,0.0
76.89,,,,,,0.0,,,,,,0.0
76.9,,,,,,0.0,,,,,,0.0
76.91,,,,,,0.0,,,,,,0.0
76.92,,,,,,0.0,,,,,,0.0
76.93,,,,,,0.0,,,,,,0.0
76.94,,,,,,0.0,,,,,,0.0
76.95,,,,,,0.0,,,,,,0.0
76.96,,,,,,0.0,,,,,,0.0
76.97,,,,,,0.0,,,,,,0.0
76.98,,,,,,0.0,,,,,,0.0
76.99,,,,,,0.0,,,,,,0.0
77.0,,,,,,0.0,,,,,,0.0
77.01,,,,,,0.0,,,,,,0.0
77.02,,,,,,0.0,,,,,,0.0
77.03,,,,,,0.0,,,,,,0.0
77.04,,,,,,0.0,,,,,,0.0
77.05,,,,,,0.0,,,,,,0.0
77.06,,,,,,0.0,,,,,,0.0
77.07,,,,,,0.0,,,,,,0.0
77.08,,,,,,0.0,,,,,,0.0
77.09,,,,,,0.0,,,,,,0.0
77.1,,,,,,0.0,,,,,,0.0
77.11,,,,,,0.0,,,,,,0.0
77.12,,,,,,0.0,,,,,,0.0
77.13,,,,,,0.0,,,,,,0.0
77.14,,,,,,0.0,,,,,,0.0
77.15,,,,,,0.0,,,,,,0.0
77.16,,,,,,0.0,,,,,,0.0
77.17,,,,,,0.0,,,,,,0.0
77.18,,,,,,0.0,,,,,,0.0
77.19,,,,,,0.0,,,,,,0.0
77.2,,,,,,0.0,,,,,,0.0
77.21,,,,,,0.0,,,,,,0.0
77.22,,,,,,0.0,,,,,,0.0
77.23,,,,,,0.0,,,,,,0.0
77.24,-1.5587701401779104,-0.7534956604231224,-0.7853362308394696,-1.5821090868539809,-0.7697258955311088,1.0,,,,,,0.0
77.25,-1.5587701401779104,-0.7534956604231224,-0.7853362308394696,-1.5821090868539809,-0.7696718037869602,1.0,,,,,,0.0
77.26,-1.5587701401779104,-0.7534956604231224,-0.7853362308394696,-1.5821090868539809,-0.7696373604957831,1.0,,,,,,0.0
77.27,-1.5587701401779104,-0.7534956604231224,-0.7853362308394696,-1.5821090868539809,-0.7696857618354198,1.0,,,,,,0.0
77.28,-1.5587701401779104,-0.7534956604231224,-0.7853362308394696,-1.5821090868539809,-0.7605216863466328,1.0,,,,,,0.0
77.29,-1.5587701401779104,-0.7534956604231224,-0.7853362308394696,-1.5821090868539809,-0.7535697432325633,1.0,,,,,,0.0
77.3,0.408350957223094,-0.7534956604231224,-0.7853362308394696,0.7295969548804587,-0.7533780082955338,1.0,,,,,,0.0
77.31,0.4110994667159336,-0.7534956604231224,-0.7853362308394696,0.7304142578455443,-0.7382623716066476,1.0,,,,,,0.0
77.32,0.4170630808429345,-0.7534956604231224,-0.7853362308394696,0.7736099877137911,-0.7163711576697254,1.0,,,,,,0.0
77.33,0.4244458484941049,-0.7534956604231224,-0.5150333976488418,0.7709937854017453,-0.6248803448407534,1.0,,,,,,0.0
77.34,0.4287614133672314,-0.7534956604231224,-0.5150333976488418,0.7240980466494101,-0.3815783901137798,1.0,,,,,,0.0
77.35,0.4307862602069274,-0.7534956604231224,-0.5150333976488418,0.7371735691438708,-0.2219543742024526,1.0,,,,,,0.0
77.36,0.4336298494644138,-0.4750111317261524,0.2602963391763618,0.6930825537210026,-0.2906127708679833,1.0,,,,,,0.0
77.37,0.4386074512173016,-0.4750111317261524,0.2602963391763618,0.7358444581154243,-0.5270675614610195,1.0,,,,,,0.0
77.38,0.4456398323283855,-0.5277980887731182,-0.3750940904201891,0.7431840961601501,-0.7128873980012863,1.0,,,,,,0.0
77.39,0.4597609381147884,-0.5277980887731182,-0.3750940904201891,0.7249255706335125,-0.6478096602480822,1.0,,,,,,0.0
77.4,0.4804267010343657,-0.5277980887731182,-0.3750940904201891,0.7336965298968529,-0.6105185096946599,1.0,,,,,,0.0
77.41,0.5016735069601167,-0.5277980887731182,-0.3750940904201891,0.6638148550444712,-0.0017107267228455,1.0,,,,,,0.0
77.42,0.5123189191277716,2.6218014487842645,0.6979410728602073,0.6553688863302397,0.7685040915476988,1.0,,,,,,0.0
77.43,0.5075737345773533,-0.449254812808088,-0.4978452548564743,0.5972595540476742,0.867436610146636,1.0,,,,,,0.0
77.44,0.5296656939666297,0.4785453778615862,12.17405900128768,0.4103406813572314,0.2559881992845368,1.0,,,,,,0.0
77.45,0.5915907925336855,0.4785453778615862,12.17405900128768,0.5815990601326081,-0.5933836288459635,1.0,,,,,,0.0
77.46,0.6753789547603131,2.304982458728904,0.2804415013080085,0.5205479671544981,-0.7362386497807409,1.0,,,,,,0.0
77.47,0.7390912007554482,6.368576567164316,8.596015693260396,0.5188160722655372,-0.5331779822071686,1.0,,,,,,0.0
77.48,0.7739573025986338,6.368576567164316,8.596015693260396,0.6194191018323979,-0.4948676447372776,1.0,,,,,,0.0
77.49,0.8007609925470641,-0.3668737289833435,2.632854824486476,0.5777618246043122,-0.5051654003475553,1.0,,,,,,0.0
77.5,0.824453461307892,-0.3668737289833435,2.632854824486476,0.6106102869430693,-0.6238137520287798,1.0,,,,,,0.0
77.51,0.8407455550537255,-0.3668737289833435,2.632854824486476,0.5614259863216162,-0.159130408330081,1.0,,,,,,0.0
77.52,0.8410730520208414,4.14093556518744,0.8269416837283523,0.4820212366287603,0.204473527256612,1.0,,,,,,0.0
77.53,0.8265909952760581,4.14093556518744,0.8269416837283523,0.517001084277532,0.6559290326339592,1.0,,,,,,0.0
77.54,0.804807164753692,1.2171973760714918,0.684153392217939,0.4957339260920416,0.6532822698630795,1.0,,,,,,0.0
77.55,0.7843139539995841,-0.4319374961460906,1.6238543590281287,0.5889500548651303,0.2973293271157846,1.0,,,,,,0.0
77.56,0.7617131417958106,-0.4319374961460906,1.6238543590281287,0.6773145498281298,-0.0409703772094443,1.0,,,,,,0.0
77.57,0.7332614025935058,-0.4319374961460906,1.6238543590281287,0.6563709247501478,0.5547130636733898,1.0,,,,,,0.0
77.58,0.7028358779065927,0.8584235241242688,0.2642702972092387,0.5291763999859929,0.5712374043922471,1.0,,,,,,0.0
77.59,0.674296101885171,-0.4755657664975469,2.7460391616486217,0.5577943068424365,0.3809158801127011,1.0,,,,,,0.0
77.6,0.6528133572841858,-0.4755657664975469,2.7460391616486217,0.6236076375698644,-0.7118100890667152,1.0,,,,,,0.0
77.61,0.6370195519345558,0.9235099484908046,0.9480730562356752,0.6621437184352214,-0.6342423319758962,1.0,,,,,,0.0
77.62,0.6249602684518784,-0.2856692074452248,1.563830315929689,0.647822935123878,-0.6029699773285716,1.0,,,,,,0.0
77.63,0.6127724512132898,0.0788817223174472,3.118902493247379,0.6486343704669355,-0.5206519104868378,1.0,,,,,,0.0
77.64,0.5960454555810171,-0.4399450780873211,2.700068483233359,0.6012996957312668,-0.523777592312978,1.0,,,,,,0.0
77.65,0.5752018582868228,-0.2841750200133526,-0.0170008832680091,0.5839288846340529,-0.4140424253981919,1.0,,,,,,0.0
77.66,0.5507417084632931,0.428237899606753,2.8145739012618995,0.6163228901828214,-0.4981793648256095,1.0,,,,,,0.0
77.67,0.5255614174593846,0.8066861811359597,5.251134350945929,0.5123844014101387,-0.333467461383108,1.0,,,,,,0.0
77.68,0.512857704460769,0.8066861811359597,5.251134350945929,0.5740008681623827,0.0003423070845001,1.0,,,,,,0.0
77.69,-1.5587701401779104,-0.7534956604231224,-0.7853362308394696,-1.5821090868539809,0.1517613584061005,1.0,,,,,,0.0
77.7,-1.5587701401779104,-0.7534956604231224,-0.7853362308394696,-1.5821090868539809,-0.0403128295529702,1.0,,,,,,0.0
77.71,-1.5587701401779104,-0.7534956604231224,-0.7853362308394696,-1.5821090868539809,-0.5138122356876526,1.0,,,,,,0.0
77.72,-1.5587701401779104,-0.7534956604231224,-0.7853362308394696,-1.5821090868539809,-0.6551116819575449,1.0,,,,,,0.0
77.73,-1.5587701401779104,-0.7534956604231224,-0.7853362308394696,-1.5821090868539809,-0.7261202079661327,1.0,,,,,,0.0
77.74,-1.5587701401779104,-0.7534956604231224,-0.7853362308394696,-1.5821090868539809,-0.7203291754776484,1.0,,,,,,0.0
77.75,-1.5587701401779104,-0.7534956604231224,-0.7853362308394696,-1.5821090868539809,-0.7337166720746341,1.0,,,,,,0.0
77.76,-1.5587701401779104,-0.7534956604231224,-0.7853362308394696,-1.5821090868539809,-0.7417626078115412,1.0,,,,,,0.0
77.77,-1.5587701401779104,-0.7534956604231224,-0.7853362308394696,-1.5821090868539809,-0.7391629641105802,1.0,,,,,,0.0
77.78,-1.5587701401779104,-0.7534956604231224,-0.7853362308394696,-1.5821090868539809,-0.7427104149939211,1.0,,,,,,0.0
77.79,0.8769339699200517,-0.7534956604231224,-0.7853362308394696,0.4701684887093449,0.8716202800171629,1.0,,,,,,0.0
77.8,0.8585342747245519,-0.7534956604231224,1.177524252581555,0.5534543486010172,3.091798510798167,1.0,,,,,,0.0
77.81,0.8239798232210411,-0.7534956604231224,1.177524252581555,0.6514033202298438,3.092257431736164,1.0,,,,,,0.0
77.82,0.8184440680349498,-0.546605859095577,0.0670161901655952,0.6589178512666352,5.431574246929555,1.0,,,,,,0.0
77.83,0.8122075397686859,-0.546605859095577,0.0670161901655952,0.7039109662568026,4.313780677597329,1.0,,,,,,0.0
77.84,0.8030569927896415,-0.3086640629711954,-0.4135572130584963,0.733150083935713,5.491096133240244,1.0,,,,,,0.0
77.85,0.7934222433054524,-0.5017781146783827,-0.2738777184002344,0.7315679080475354,3.2314666365462723,1.0,,,,,,0.0
77.86,0.7858017762426657,-0.2532908752131227,-0.707055877674801,0.7116418421961167,4.662174969409243,1.0,,,,,,0.0
77.87,0.7798610516886353,-0.2532908752131227,-0.707055877674801,0.7361457888982906,4.67635769791148,1.0,,,,,,0.0
77.88,0.7733921062199015,-0.5462343488401967,-0.4646752628895203,0.7473603288191705,3.3716773406950304,1.0,,,,,,0.0
77.89,0.7657100133837327,-0.3693572809806517,-0.2811094618496398,0.796340776894677,1.3277263435804292,1.0,,,,,,0.0
77.9,0.7596742090650556,-0.3758049950565554,-0.6683486192923842,0.7695467540983457,0.1949612753837846,1.0,,,,,,0.0
77.91,0.7571193805742735,-0.3758049950565554,-0.6683486192923842,0.8329687449320977,0.6792479527959417,1.0,,,,,,0.0
77.92,0.7541190857787584,-0.7136199491413955,-0.3878052369431092,0.710435761952132,0.3607321229559597,1.0,,,,,,0.0
77.93,0.7451005940283904,-0.7109437599968192,0.096868948077033,0.7638434254869607,0.577221701554221,1.0,,,,,,0.0
77.94,0.7316115926032493,-0.7109437599968192,0.096868948077033,0.6995920178878066,-0.1626701547594802,1.0,,,,,,0.0
77.95,0.7205717754859491,0.494611626525623,-0.7288717080274426,0.6973517219418239,0.2183471215158918,1.0,,,,,,0.0
77.96,0.712567467891811,-0.6945300160162493,-0.0748028683491736,0.7176218954334755,0.101115130514316,1.0,,,,,,0.0
77.97,0.7038447798536761,-0.3554658693049982,-0.4677470694774129,0.7861735128667612,2.220793659562632,1.0,,,,,,0.0
77.98,0.6899191158057136,-0.3554658693049982,-0.4677470694774129,0.828664938813497,9.97088394227173,1.0,,,,,,0.0
77.99,0.6728505373152662,-0.0106138083553625,-0.1603057173971827,0.6817529326971185,10.264354321268062,1.0,,,,,,0.0
78.0,0.6562115785021106,-0.4289911262107184,-0.5321510827950016,0.8227091131767706,8.407238324084611,1.0,,,,,,0.0
78.01,0.6420253254695613,0.1541341030760124,-0.4046805771436671,0.6941892629467682,3.7870836503074097,1.0,,,,,,0.0
78.02,0.6314151280295531,0.1541341030760124,-0.4046805771436671,0.7168384732536494,3.5660964871692284,1.0,,,,,,0.0
78.03,0.6204140471126649,-0.3082528389653541,0.3153788059006721,0.6672850802788112,3.485146339352577,1.0,,,,,,0.0
78.04,0.6070659045981113,-0.3082528389653541,0.3153788059006721,0.7550238217442254,-0.1768881787435799,1.0,,,,,,0.0
78.05,0.5889954671061096,0.2391121946338905,-0.5897020625115512,0.6719810706826497,1.7414061225111428,1.0,,,,,,0.0
78.06,0.5689794159116175,0.2587577723458811,-0.4800580752845785,0.6991871519678626,1.829202637723992,1.0,,,,,,0.0
78.07,0.545517603616877,0.2630847042604177,1.4231748360846876,0.5706733586380183,2.3603231529440505,1.0,,,,,,0.0
78.08,0.5277271232096683,-0.0270676903785991,5.584490025301349,0.4789120026438439,0.2354188210618397,1.0,,,,,,0.0
78.09,0.5261917610842638,0.548390663608142,3.1992520994091094,0.4140345197742838,-0.1630980825994078,1.0,,,,,,0.0
78.1,0.5352507497714264,3.488705100619473,0.813289046907982,0.5605748025712711,-0.0614106839183299,1.0,,,,,,0.0
78.11,0.5479069228877185,3.488705100619473,0.813289046907982,0.6987404555812017,0.3381533721540455,1.0,,,,,,0.0
78.12,0.5503966041323536,3.488705100619473,0.813289046907982,0.939517757672928,0.3547988170093189,1.0,,,,,,0.0
78.13,0.5512452790686438,3.488705100619473,0.813289046907982,0.9118965894487542,-0.2743829044176741,1.0,,,,,,0.0
78.14,0.5498472543810622,0.0626991327305857,-0.4478957744451575,0.8290743474085597,-0.6220133637586542,1.0,,,,,,0.0
78.15,0.5485865671313035,0.0626991327305857,-0.4478957744451575,0.9001268967727571,-0.0266284605068402,1.0,,,,,,0.0
78.16,0.5506078924982349,0.0626991327305857,-0.4478957744451575,0.8522094346749997,0.4363361605400398,1.0,,,,,,0.0
78.17,0.55652220600653,0.0626991327305857,-0.4478957744451575,0.8696118552199137,0.377422981862389,1.0,,,,,,0.0
78.18,0.5644279123632571,-0.6921065437952794,-0.7432718564380477,0.9255897264812126,-0.2322544403521751,1.0,,,,,,0.0
78.19,0.5670549310457149,-0.5870346267816933,-0.6163523736160864,0.8649026153469793,-0.6211181492344638,1.0,,,,,,0.0
78.2,0.5548847211709499,-0.5870346267816933,-0.6163523736160864,0.9035357958929962,-0.028668109120161,1.0,,,,,,0.0
78.21,0.5144758211961437,-0.5870346267816933,-0.6163523736160864,0.8019297815155776,0.254264058816089,1.0,,,,,,0.0
78.22,0.4366618375148111,0.6879497045174618,0.3556752952080088,0.6942235222882874,0.148730568044744,1.0,,,,,,0.0
78.23,0.3537065035970324,3.1479246325349366,3.75782710773506,0.5783266305440564,-0.464513689682365,1.0,,,,,,0.0
78.24,0.3056472040409394,3.1479246325349366,3.75782710773506,0.5763420493516241,-0.7605499067973686,1.0,,,,,,0.0
78.25,-1.5587701401779104,-0.7534956604231224,-0.7853362308394696,-1.5821090868539809,-0.7657878495242015,1.0,,,,,,0.0
78.26,-1.5587701401779104,-0.7534956604231224,-0.7853362308394696,-1.5821090868539809,-0.7613659255902449,1.0,,,,,,0.0
78.27,-1.5587701401779104,-0.7534956604231224,-0.7853362308394696,-1.5821090868539809,-0.755309906096954,1.0,,,,,,0.0
78.28,-1.5587701401779104,-0.7534956604231224,-0.7853362308394696,-1.5821090868539809,-0.7006267196220091,1.0,,,,,,0.0
78.29,-1.5587701401779104,-0.7534956604231224,-0.7853362308394696,-1.5821090868539809,-0.7027626300890258,1.0,,,,,,0.0
78.3,-1.5587701401779104,-0.7534956604231224,-0.7853362308394696,-1.5821090868539809,-0.7088652746748366,1.0,,,,,,0.0
78.31,-1.5587701401779104,-0.7534956604231224,-0.7853362308394696,-1.5821090868539809,-0.7565545379242139,1.0,,,,,,0.0
78.32,-1.5587701401779104,-0.7534956604231224,-0.7853362308394696,-1.5821090868539809,-0.7316921933478747,1.0,,,,,,0.0
78.33,-1.5587701401779104,-0.7534956604231224,-0.7853362308394696,-1.5821090868539809,-0.658583466657758,1.0,,,,,,0.0
78.34,-1.5587701401779104,-0.7534956604231224,-0.7853362308394696,-1.5821090868539809,-0.6675944111448425,1.0,,,,,,0.0
78.35,-1.5587701401779104,-0.7534956604231224,-0.7853362308394696,-1.5821090868539809,-0.478069544931101,1.0,,,,,,0.0
78.36,-1.5587701401779104,-0.7534956604231224,-0.7853362308394696,-1.5821090868539809,-0.50797270577296,1.0,,,,,,0.0
78.37,-1.5587701401779104,-0.7534956604231224,-0.7853362308394696,-1.5821090868539809,-0.5065783350549238,1.0,,,,,,0.0
78.38,0.3889177097711578,-0.7534956604231224,1.3403298549531009,0.6099951330207607,-0.5505309301751877,1.0,,,,,,0.0
78.39,0.4004558152846612,-0.0313105275779504,1.2976692180419702,0.5875068091243295,-0.5929779299889701,1.0,,,,,,0.0
78.4,0.4222819034802035,-0.4704213932193559,4.8467470941397455,0.5314045821316593,-0.3309130405162455,1.0,,,,,,0.0
78.41,0.4460007832867663,0.3463045289175468,4.78832596249253,0.4861471213052162,-0.4641420115268517,1.0,,,,,,0.0
78.42,0.4723924609217279,2.3271746382599816,0.1374397818442908,0.6803229364254135,-0.4099264782355297,1.0,,,,,,0.0
78.43,0.4853831739506656,0.8528661448129722,2.0215129106214773,0.6036505301051353,-0.6717805509023618,1.0,,,,,,0.0
78.44,0.4788526027085498,2.898132779395346,2.64045691093876,0.5857961133859219,-0.5996290966389711,1.0,,,,,,0.0
78.45,0.4597609381147884,-0.3937968514673007,2.1642512946324937,0.6929722045712469,-0.6542412459770554,1.0,,,,,,0.0
78.46,0.4436343535888951,-0.6471692216730206,0.1014510436687402,0.700860559914672,-0.5662910400542415,1.0,,,,,,0.0
78.47,0.4268827076472697,0.0561302408007115,-0.740496148108343,0.7175081392773809,0.1702337228982273,1.0,,,,,,0.0
78.48,0.4132651724662175,0.0334296743486694,-0.3803113323351061,0.8031415401034604,0.604722698111251,1.0,,,,,,0.0
78.49,0.4049527360051689,0.0334296743486694,-0.3803113323351061,0.8331451521492027,0.6250195920270125,1.0,,,,,,0.0
78.5,0.4005297662127196,-0.1241374309336564,-0.6382921507113483,0.9075534134791258,-0.1175702572942234,1.0,,,,,,0.0
78.51,0.3983041954254361,-0.1241374309336564,-0.6382921507113483,0.922259188506769,-0.4689224379643225,1.0,-1.806952038587293,-0.842732346701079,-0.7911463133497088,-1.8731160939812077,-0.8565356641509339,1.0
78.52,0.3982267230246131,-0.1241374309336564,-0.6382921507113483,0.8459819949218078,-0.5511150186120727,1.0,-1.806952038587293,-0.842732346701079,-0.7911463133497088,-1.8731160939812077,-0.844378217627241,1.0
78.53,0.4003255207923676,-0.1241374309336564,-0.6382921507113483,0.8359776993637713,-0.6138380378128396,1.0,-1.806952038587293,-0.842732346701079,-0.7911463133497088,-1.8731160939812077,-0.8421884394682891,1.0
78.54,0.4035194965899407,-0.4451931483806045,-0.675767281005708,0.8513340233240221,-0.6445925926032122,1.0,-1.806952038587293,-0.842732346701079,-0.7911463133497088,-1.8731160939812077,-0.8526390010065065,1.0
78.55,0.4059317054337527,-0.4451931483806045,-0.675767281005708,0.864592009935746,-0.3958439793409323,1.0,-1.806952038587293,-0.842732346701079,-0.7911463133497088,-1.8731160939812077,-0.8672540448550542,1.0
78.56,0.4041287113782318,-0.5716052407185311,-0.3112233534123351,0.7893855627318616,-0.0413423740600534,1.0,0.4737787802787176,-0.842732346701079,-0.7911463133497088,0.4356013107642736,-0.6037127883504294,1.0
78.57,0.3987408580482577,-0.2968658544635332,-0.0890678995444994,0.7792525580454651,0.2313881248373121,1.0,0.4587747271750181,-0.842732346701079,-0.7911463133497088,0.4547877460605323,-0.3299385440856976,1.0
78.58,0.3936047900209588,-0.2968658544635332,-0.0890678995444994,0.7925493466738269,-0.0019922141662386,1.0,0.4072683454197304,14.048677475553614,8.854804224500189,0.2403295545041301,-0.3286735560368925,1.0
78.59,0.3922349371154948,-0.2968658544635332,-0.0890678995444994,0.8271664238587535,-0.287160187547294,1.0,0.356515353739175,13.879196139468382,-0.4619014532460637,0.4145561026001151,-0.3684523004343595,1.0
78.6,0.4001406434722215,-0.2968658544635332,-0.0890678995444994,0.7897230456375465,-0.5461686317034476,1.0,0.2865984366807461,13.879196139468382,-0.4619014532460637,0.4052250067558319,-0.5332179051659103,1.0
78.61,0.4113477305458442,-0.2968658544635332,-0.0890678995444994,0.740540448519263,-0.590307265085903,1.0,0.2607977242753115,13.879196139468382,-0.4619014532460637,0.4062058367205862,-0.5087792109826819,1.0
78.62,0.4063877361567798,-0.2968658544635332,-0.0890678995444994,0.715643749697461,-0.6932925654795092,1.0,-1.806952038587293,-0.842732346701079,-0.7911463133497088,-1.8731160939812077,-0.7149228924698227,1.0
78.63,0.3774605981312421,0.609446312019775,-0.6293545982899021,0.6794323828240407,-0.736818332257926,1.0,-1.806952038587293,-0.842732346701079,-0.7911463133497088,-1.8731160939812077,-0.8251776571999656,1.0
78.64,0.3387103118286045,0.609446312019775,-0.6293545982899021,0.6098664238924008,-0.6179213187281792,1.0,-1.806952038587293,-0.842732346701079,-0.7911463133497088,-1.8731160939812077,-0.8454379640992516,1.0
78.65,0.3170162788617379,3.495403825964316,1.6079764348816985,0.6802879199713745,-0.2459014423983188,1.0,-1.806952038587293,-0.842732346701079,-0.7911463133497088,-1.8731160939812077,-0.8668903594890589,1.0
78.66,0.3114012905384413,0.910177838800809,-0.0612428539762137,0.7154391400389949,-0.1351948928314387,1.0,-1.806952038587293,-0.842732346701079,-0.7911463133497088,-1.8731160939812077,-0.8612028294848248,1.0
78.67,-1.5587701401779104,-0.7534956604231224,-0.7853362308394696,-1.5821090868539809,-0.1873256024796057,1.0,-1.806952038587293,-0.842732346701079,-0.7911463133497088,-1.8731160939812077,-0.8590697961170619,1.0
78.68,-1.5587701401779104,-0.7534956604231224,-0.7853362308394696,-1.5821090868539809,-0.5350198008397522,1.0,-1.806952038587293,-0.842732346701079,-0.7911463133497088,-1.8731160939812077,-0.8560323457690284,1.0
78.69,-1.5587701401779104,-0.7534956604231224,-0.7853362308394696,-1.5821090868539809,-0.6655905360560287,1.0,-1.806952038587293,-0.842732346701079,-0.7911463133497088,-1.8731160939812077,-0.8614726276357364,1.0
78.7,-1.5587701401779104,-0.7534956604231224,-0.7853362308394696,-1.5821090868539809,-0.7193865709927079,1.0,-1.806952038587293,-0.842732346701079,-0.7911463133497088,-1.8731160939812077,-0.868966666813912,1.0
78.71,-1.5587701401779104,-0.7534956604231224,-0.7853362308394696,-1.5821090868539809,-0.7526874438271315,1.0,-1.806952038587293,-0.842732346701079,-0.7911463133497088,-1.8731160939812077,-0.869056251298959,1.0
78.72,-1.5587701401779104,-0.7534956604231224,-0.7853362308394696,-1.5821090868539809,-0.7547721718617577,1.0,-1.806952038587293,-0.842732346701079,-0.7911463133497088,-1.8731160939812077,-0.8223962458491798,1.0
78.73,-1.5587701401779104,-0.7534956604231224,-0.7853362308394696,-1.5821090868539809,-0.76687673107444,1.0,0.3356986064435055,-0.842732346701079,0.2114758482158641,0.5212924213972484,-0.7945891733616673,1.0
78.74,-1.5587701401779104,-0.7534956604231224,-0.7853362308394696,-1.5821090868539809,-0.7665004437911032,1.0,0.3155738189549358,-0.842732346701079,0.2114758482158641,0.5340666307565806,-0.1168894548044287,1.0
78.75,-1.5587701401779104,-0.7534956604231224,-0.7853362308394696,-1.5821090868539809,-0.7677450700411989,1.0,0.2698094286307587,-0.842732346701079,0.2114758482158641,0.5065099126427367,-0.153416935147268,1.0
78.76,-1.5587701401779104,-0.7534956604231224,-0.7853362308394696,-1.5821090868539809,-0.7653699868721381,1.0,0.2200543890338095,5.904457591506727,-0.0191146346698406,0.4738935130964244,0.0141112284989355,1.0
78.77,-1.5587701401779104,-0.7534956604231224,-0.7853362308394696,-1.5821090868539809,-0.7629374262458064,1.0,0.1762963344317265,5.904457591506727,-0.0191146346698406,0.5213234476512355,0.0550323680317912,1.0
78.78,-1.5587701401779104,-0.7534956604231224,-0.7853362308394696,-1.5821090868539809,-0.7629348416285793,1.0,0.1455742462458124,2.859259061117799,-0.4155424575526584,0.580471497913533,1.0104802889863338,1.0
78.79,-1.5587701401779104,-0.7534956604231224,-0.7853362308394696,-1.5821090868539809,-0.766039133436625,1.0,0.1210612513373426,0.7118998412536334,0.4228122549958045,0.5155487611913993,0.8589212844728361,1.0
78.8,-1.5587701401779104,-0.7534956604231224,-0.7853362308394696,-1.5821090868539809,-0.7689944845257619,1.0,0.1006814702850177,1.3376286039732643,1.043218729041498,0.5542411021152938,0.4680217498985344,1.0
78.81,-1.5587701401779104,-0.7534956604231224,-0.7853362308394696,-1.5821090868539809,-0.7632017830310608,1.0,0.083800896364409,-0.6821905858652938,0.5046715362176736,0.573071636252913,0.0189028719898564,1.0
78.82,-1.5587701401779104,-0.7534956604231224,-0.7853362308394696,-1.5821090868539809,-0.7634124667817508,1.0,0.069859702796908,-0.6821905858652938,0.5046715362176736,0.540339939143397,-0.0092766246448201,1.0
78.83,-1.5587701401779104,-0.7534956604231224,-0.7853362308394696,-1.5821090868539809,-0.7625966479700472,1.0,0.050925271626415,0.010360264893433,0.803552871840008,0.4960324467559742,-0.3172560624235597,1.0
78.84,-1.5587701401779104,-0.7534956604231224,-0.7853362308394696,-1.5821090868539809,-0.7684260895914811,1.0,0.0294374276334072,0.010360264893433,0.803552871840008,0.5369931071003986,-0.8332169504939462,1.0
78.85,-1.5587701401779104,-0.7534956604231224,-0.7853362308394696,-1.5821090868539809,-0.7687150918652338,1.0,0.0049765904993421,1.3594207778314369,1.9753372334880892,0.4819617403187413,-0.6980971452997867,1.0
78.86,-1.5587701401779104,-0.7534956604231224,-0.7853362308394696,-1.5821090868539809,-0.7696419574335192,1.0,-0.0196639011910053,0.4140639991982244,0.2498558541583662,0.5062564982069451,-0.6549059016480582,1.0
78.87,-1.5587701401779104,-0.7534956604231224,-0.7853362308394696,-1.5821090868539809,-0.7684061902696974,1.0,-0.0323393994329565,-0.8142352893432627,1.380470747270972,0.3916635312227489,-0.6040567151134723,1.0
78.88,-1.5587701401779104,-0.7534956604231224,-0.7853362308394696,-1.5821090868539809,-0.7676782994349335,1.0,-1.806952038587293,-0.842732346701079,-0.7911463133497088,-1.8731160939812077,-0.7349236606931093,1.0
78.89,-1.5587701401779104,-0.7534956604231224,-0.7853362308394696,-1.5821090868539809,-0.7395863744475244,1.0,-1.806952038587293,-0.842732346701079,-0.7911463133497088,-1.8731160939812077,-0.798595649342641,1.0
78.9,-1.5587701401779104,-0.7534956604231224,-0.7853362308394696,-1.5821090868539809,-0.7401741119432566,1.0,,,,,,0.0
78.91,-1.5587701401779104,-0.7534956604231224,-0.7853362308394696,-1.5821090868539809,-0.7401452222328194,1.0,,,,,,0.0
78.92,-1.5587701401779104,-0.7534956604231224,-0.7853362308394696,-1.5821090868539809,-0.7683704032006488,1.0,,,,,,0.0
78.93,-1.5587701401779104,-0.7534956604231224,-0.7853362308394696,-1.5821090868539809,-0.7688750776000789,1.0,,,,,,0.0
78.94,-1.5587701401779104,-0.7534956604231224,-0.7853362308394696,-1.5821090868539809,-0.7693727930530704,1.0,,,,,,0.0
78.95,-1.5587701401779104,-0.7534956604231224,-0.7853362308394696,-1.5821090868539809,-0.7689411303456409,1.0,,,,,,0.0
78.96,-1.5587701401779104,-0.7534956604231224,-0.7853362308394696,-1.5821090868539809,-0.7688416480780017,1.0,,,,,,0.0
78.97,-1.5587701401779104,-0.7534956604231224,-0.7853362308394696,-1.5821090868539809,-0.7690896918173857,1.0,,,,,,0.0
78.98,-1.5587701401779104,-0.7534956604231224,-0.7853362308394696,-1.5821090868539809,-0.7694522891545122,1.0,,,,,,0.0
78.99,-1.5587701401779104,-0.7534956604231224,-0.7853362308394696,-1.5821090868539809,-0.7695871176562088,1.0,,,,,,0.0
79.0,-1.5587701401779104,-0.7534956604231224,-0.7853362308394696,-1.5821090868539809,-0.769601817467504,1.0,,,,,,0.0
79.01,-1.5587701401779104,-0.7534956604231224,-0.7853362308394696,-1.5821090868539809,-0.7620515088542991,1.0,,,,,,0.0
79.02,-1.5587701401779104,-0.7534956604231224,-0.7853362308394696,-1.5821090868539809,-0.7620552822042338,1.0,,,,,,0.0
79.03,-1.5587701401779104,-0.7534956604231224,-0.7853362308394696,-1.5821090868539809,-0.7616536594575161,1.0,,,,,,0.0
79.04,-1.5587701401779104,-0.7534956604231224,-0.7853362308394696,-1.5821090868539809,-0.768866471239016,1.0,,,,,,0.0
79.05,-1.5587701401779104,-0.7534956604231224,-0.7853362308394696,-1.5821090868539809,-0.7643580399115089,1.0,,,,,,0.0
79.06,-1.5587701401779104,-0.7534956604231224,-0.7853362308394696,-1.5821090868539809,-0.6582945695533868,1.0,,,,,,0.0
79.07,-1.5587701401779104,-0.7534956604231224,-0.7853362308394696,-1.5821090868539809,-0.6401476724278778,1.0,,,,,,0.0
79.08,0.4027923124640323,-0.7534956604231224,-0.7853362308394696,0.570998727743387,-0.6447560035135997,1.0,,,,,,0.0
79.09,0.3897223662978891,-0.7534956604231224,-0.7853362308394696,0.623611612410593,-0.7110567257296795,1.0,,,,,,0.0
79.1,0.3784096350413258,-0.7534956604231224,3.673374811549361,0.5172089116642072,-0.7289028463911201,1.0,,,,,,0.0
79.11,-1.5587701401779104,-0.7534956604231224,-0.7853362308394696,-1.5821090868539809,-0.7275923004506649,1.0,,,,,,0.0
79.12,-1.5587701401779104,-0.7534956604231224,-0.7853362308394696,-1.5821090868539809,-0.7677525673433283,1.0,,,,,,0.0
79.13,-1.5587701401779104,-0.7534956604231224,-0.7853362308394696,-1.5821090868539809,-0.7674503320524589,1.0,,,,,,0.0
79.14,-1.5587701401779104,-0.7534956604231224,-0.7853362308394696,-1.5821090868539809,-0.7685424770404787,1.0,,,,,,0.0
79.15,-1.5587701401779104,-0.7534956604231224,-0.7853362308394696,-1.5821090868539809,-0.7683056132844038,1.0,,,,,,0.0
79.16,-1.5587701401779104,-0.7534956604231224,-0.7853362308394696,-1.5821090868539809,-0.7691394835440519,1.0,,,,,,0.0
79.17,-1.5587701401779104,-0.7534956604231224,-0.7853362308394696,-1.5821090868539809,-0.7690540551724223,1.0,,,,,,0.0
79.18,-1.5587701401779104,-0.7534956604231224,-0.7853362308394696,-1.5821090868539809,-0.7689768321637515,1.0,,,,,,0.0
79.19,-1.5587701401779104,-0.7534956604231224,-0.7853362308394696,-1.5821090868539809,-0.7688950940423103,1.0,,,,,,0.0
79.2,-1.5587701401779104,-0.7534956604231224,-0.7853362308394696,-1.5821090868539809,-0.76881389849927,1.0,,,,,,0.0
79.21,-1.5587701401779104,-0.7534956604231224,-0.7853362308394696,-1.5821090868539809,-0.7674133490800632,1.0,,,,,,0.0
79.22,-1.5587701401779104,-0.7534956604231224,-0.7853362308394696,-1.5821090868539809,-0.7672047129453639,1.0,,,,,,0.0
79.23,,,,,,0.0,,,,,,0.0
79.24,,,,,,0.0,,,,,,0.0
79.25,,,,,,0.0,,,,,,0.0
79.26,,,,,,0.0,,,,,,0.0
79.27,,,,,,0.0,,,,,,0.0
79.28,,,,,,0.0,,,,,,0.0
79.29,,,,,,0.0,,,,,,0.0
79.3,,,,,,0.0,,,,,,0.0
79.31,,,,,,0.0,,,,,,0.0
79.32,,,,,,0.0,,,,,,0.0
79.33,,,,,,0.0,,,,,,0.0
79.34,,,,,,0.0,,,,,,0.0
79.35,,,,,,0.0,,,,,,0.0
79.36,,,,,,0.0,,,,,,0.0
79.37,,,,,,0.0,,,,,,0.0
79.38,,,,,,0.0,,,,,,0.0
79.39,,,,,,0.0,,,,,,0.0
79.4,,,,,,0.0,,,,,,0.0
79.41,,,,,,0.0,,,,,,0.0
79.42,,,,,,0.0,,,,,,0.0
79.43,,,,,,0.0,,,,,,0.0
79.44,,,,,,0.0,,,,,,0.0
79.45,,,,,,0.0,,,,,,0.0
79.46,,,,,,0.0,,,,,,0.0
79.47,,,,,,0.0,,,,,,0.0
79.48,,,,,,0.0,,,,,,0.0
79.49,,,,,,0.0,,,,,,0.0
79.5,,,,,,0.0,,,,,,0.0
79.51,,,,,,0.0,,,,,,0.0
79.52,,,,,,0.0,,,,,,0.0
79.53,,,,,,0.0,,,,,,0.0
79.54,,,,,,0.0,,,,,,0.0
79.55,,,,,,0.0,,,,,,0.0
